브레이크 유형,수준,간격,시도 번호,선두 차량 감속률,실험 차량 평균 감속률,선두 차량 평균 속도,실험 차량 평균 속도,브레이크 평균 세기,반응 시간,Reaction_Duration,충돌여부,최소 안전 거리 유지,block_id,GSR_avg,GSR_std,GSR_max,GSR_min,GSR_range,GSR_peaks,GSR_Z_avg,GSR_Z_std,GSR_Z_max,GSR_Z_min,GSR_Z_range,GSR_Z_peaks,SCR_avg,SCR_std,SCR_max,SCR_min,SCR_range,SCR_peaks,SCR_Z_avg,SCR_Z_std,SCR_Z_max,SCR_Z_min,SCR_Z_range,SCR_Z_peaks,PPG_avg,PPG_std,PPG_max,PPG_min,PPG_range,PPG_peaks
기본제동등A,수준3,20,1,-2,-1.9540816203539821,87.37610619469027,76.92477876106194,0.030938670398230086,1121.0,3360.9999999999995,False,True,117,1.8807134894091406,0.008519649077896726,1.895238095238095,1.8673992673992672,0.02783882783882774,0.0,-1.1900232981286203,0.0018500469453432468,-1.1867503400105894,-1.1923184048893447,0.0055680648787552744,1.0,-0.0012740882306099348,0.0006706177103006073,0.0,-0.0029304029304031,0.0029304029304031,7.0,0.28331599346537056,0.08981878482497586,0.4544263165014338,0.061680613629504,0.3927457028719298,4.0,1389.5843287147634,84.96559509909116,1546.5201465201465,1279.120879120879,267.3992673992675,5.0
기본제동등A,수준3,20,2,-2,-1.4154324239380531,87.34070796460178,82.66814159292035,0.043823949247787604,1175.0,3355.0,False,True,119,1.6413760152890586,0.004658942535288677,1.650549450549451,1.632967032967033,0.017582417582417964,1.0,-1.0765245028264092,0.002940735410263437,-1.0712168445274837,-1.080161545432108,0.008944700904624403,4.0,-0.0008918617614269347,0.0012289864222321822,0.0029304029304031,-0.0029304029304026,0.0058608058608056995,4.0,0.2861017285750734,0.18368626516768422,0.857573196593478,-0.0211703164964352,0.8787435130899132,6.0,1397.9296066252587,98.33774809022965,1556.043956043956,1246.8864468864467,309.15750915750937,6.0
기본제동등A,수준3,20,3,-2,-0.325579313716814,87.37610619469027,71.70353982300885,0.032888492654867256,1114.0,3386.0,False,True,129,1.1195067558703924,0.0016149314393084932,1.1222111222111222,1.117327117327117,0.004884004884005089,0.0,-0.89252774402465,0.0007681770497365574,-0.8909652905067948,-0.8936431698062148,0.002677879299419983,7.0,-0.00024218206036386364,0.00026453573094240907,0.0,-0.0008880008880007,0.0008880008880007,5.0,0.2901650265020392,0.05228443551860422,0.3386108254564982,0.1619978144513292,0.176613011005169,8.0,1407.092907092907,91.46084242081902,1567.032967032967,1300.3663003663005,266.6666666666665,5.0
기본제동등A,수준3,20,4,-2,-0.4241525079203541,87.35398230088495,84.11504424778761,0.04200169969026549,1168.0,3343.0,False,True,138,1.4187146187146182,0.0019674280422781174,1.4219780219780218,1.416117216117216,0.00586080586080584,0.0,-0.41329674485493106,0.0020147478994836927,-0.4102827432147083,-0.4163776109559136,0.006094867741205268,4.0,6.660006660006819e-05,0.0012364435844727617,0.0043956043956043,-0.0014652014652014,0.0058608058608057,1.0,0.25175952387595013,0.264916027813005,1.179013607679558,-0.0770256889414038,1.256039296620962,5.0,1395.404595404595,82.04323981237631,1545.7875457875457,1288.6446886446886,257.1428571428571,6.0
기본제동등A,수준3,20,1,-4,-2.7298151053097346,74.60619469026548,72.67256637168141,0.04483822800884956,1020.0,3483.0,False,True,111,3.451919095397356,0.017747180542497507,3.490842490842491,3.4219780219780223,0.06886446886446862,0.0,-1.669479938015123,0.036385802698388314,-1.614078661174254,-1.709462331523658,0.09538367034940398,3.0,-0.0031852205765248824,0.004497697151375977,0.0058608058608062,-0.0087912087912087,0.014652014652014898,5.0,0.14837501072199355,0.39289263440233513,0.939423591292197,-0.3520084747798706,1.2914320660720675,5.0,1400.159261028826,69.52129935136792,1524.5421245421244,1301.098901098901,223.44322344322336,5.0
기본제동등A,수준3,20,2,-4,-1.9678187384955752,74.59292035398231,80.24778761061947,0.047036640663716815,1050.0,3419.0,False,True,120,1.5395271395271388,0.006930644370715364,1.5509157509157503,1.5289377289377286,0.021978021978021678,0.0,-1.0807699812026237,0.0007945945253192352,-1.0795114466495417,-1.0821822195062023,0.0026707728566606193,5.0,-0.0009990009990009545,0.0006985073913886812,0.0,-0.0014652014652016,0.0014652014652016,6.0,0.259393942102691,0.10817562344644881,0.4145737715835785,0.1861062435705592,0.2284675280130193,5.0,1398.1684981684978,76.19307580531988,1539.92673992674,1293.7728937728937,246.15384615384642,5.0
기본제동등A,수준3,20,3,-4,-2.62815982300885,74.50884955752213,69.76548672566372,0.09183522831858407,1171.0,3324.0,False,True,131,1.0891129072947254,0.0025551013536079907,1.0937950937950938,1.085359085359085,0.008436008436008668,0.0,-0.8561257708472934,0.0005959057474529165,-0.8549367821782657,-0.8570640507127589,0.0021272685344931874,3.0,-0.00038345492890944094,0.0002839836381693065,0.0,-0.000888000888001,0.000888000888001,5.0,0.24659017423506782,0.05828805786092186,0.3257291315513975,0.1430366918155624,0.1826924397358351,5.0,1371.6949716949719,74.56591135507756,1516.4835164835165,1263.003663003663,253.47985347985355,5.0
기본제동등A,수준3,20,4,-4,-1.5631763336283186,74.5,76.91592920353982,0.1284605367699115,1064.0,3431.0,False,True,140,2.4127206127206136,0.049283809283224976,2.4754578754578755,2.3201465201465203,0.1553113553113552,1.0,0.550999420583345,0.048958978707564695,0.6130420494935686,0.4590748104497175,0.15396723904385107,2.0,-0.0016650016650016405,0.016829604085047113,0.0498168498168496,-0.0249084249084248,0.0747252747252744,6.0,-0.14513199309238375,2.8416166655595703,8.576104337247903,-4.060163339393424,12.636267676641328,4.0,1392.3409923409922,116.78354844017146,1627.8388278388277,1254.212454212454,373.6263736263736,5.0
기본제동등A,수준3,20,1,-6,-4.286237310840708,61.72566371681416,64.75221238938053,0.12477301884955751,982.0,3512.0,False,True,113,2.572925625099539,0.01980546022324978,2.6102564102564103,2.5428571428571427,0.0673992673992676,0.0,-1.609479074806917,0.010238376927901574,-1.591782839172445,-1.6189096468475157,0.027126807675070808,4.0,-0.0030578117534638648,0.0013189065170685973,0.0,-0.0043956043956048,0.0043956043956048,4.0,0.17393122922543885,0.14168651376218927,0.503130435157041,0.0257478683090799,0.47738256684796115,6.0,1435.164835164835,78.22690277168408,1582.4175824175825,1334.065934065934,248.35164835164846,6.0
기본제동등A,수준3,20,2,-6,-2.7147884800884956,61.83185840707964,62.47345132743363,0.1388486396017699,1088.0,3404.0,False,True,122,1.3969363969363966,0.003965441375290188,1.4029304029304028,1.3912087912087912,0.01172161172161168,0.0,-1.0501700630635202,0.0011244599499351446,-1.0479675884463642,-1.052182592890524,0.004215004444159787,8.0,-0.0005994005994005817,0.0007373425344178486,0.0,-0.0014652014652016,0.0014652014652016,5.0,0.2995931439950315,0.12146473380540161,0.3991211438595141,0.155396692058379,0.24372445180113508,8.0,1374.3256743256743,84.07233973398556,1534.065934065934,1281.3186813186812,252.7472527472528,5.0
기본제동등A,수준3,20,3,-6,-3.259488283628319,61.6283185840708,65.01327433628319,0.22106274216814162,1087.0,3437.0,False,False,134,1.174239901512629,0.005682076349089928,1.183927183927184,1.1688311688311686,0.015096015096015547,2.0,-0.7095848588685268,0.006161335804105009,-0.6988625377931292,-0.7149615907019718,0.016099052908842615,4.0,0.0005247277974550546,0.0012972714781042773,0.004884004884005,-0.000888000888001,0.005772005772006,6.0,0.40554858520816645,0.2752287104015426,1.330870259210434,0.106189714185926,1.224680545024508,6.0,1438.1951381951383,109.08696457556793,1641.0256410256409,1287.179487179487,353.8461538461538,5.0
기본제동등A,수준3,20,4,-6,-3.427427951327434,61.60619469026549,64.71681415929204,0.20954737676991153,1111.0,3381.0,False,False,142,2.3058941058941063,0.022959343486870367,2.350915750915751,2.2761904761904765,0.07472527472527446,1.0,0.4359487189783668,0.023473448560199936,0.4818683069682857,0.4054324403122369,0.07643586665604879,1.0,-0.0035964035964035188,0.0019567708153012324,0.0,-0.0073260073260077,0.0073260073260077,4.0,-0.42898035997479417,0.29589229593065114,0.1147933594940268,-0.9925296553796652,1.1073230148736921,6.0,1414.418914418914,70.10159335899895,1549.4505494505493,1305.4945054945051,243.95604395604414,6.0
기본제동등A,수준3,40,1,-2,-1.2615478017699115,87.41592920353982,87.5,0.01815692283185841,1179.0,3297.0,False,True,110,3.957031374422679,0.05208571016244892,4.049084249084249,3.8747252747252743,0.17435897435897463,0.0,-1.5245339447081303,0.06141869550236072,-1.4023130700172015,-1.6135732637331088,0.21126019371590732,0.0,-0.008090460264373262,0.0020659560399372452,-0.0043956043956034,-0.0131868131868122,0.0087912087912088,5.0,-0.16653676641449475,0.10186670617272668,0.0173802920089389,-0.4165736542138737,0.43395394622281264,6.0,1391.3362000318523,60.173341652098806,1501.098901098901,1299.6336996336995,201.46520146520152,5.0
기본제동등A,수준3,40,2,-2,0.8621284097345132,87.41592920353982,83.96017699115045,0.04202060579646018,1232.0,3276.0,False,True,126,1.192040282949374,0.0032372526709700386,1.1976911976911977,1.1870351870351872,0.010656010656010517,0.0,-0.9884554567163432,0.00040192829773028337,-0.9874483126613266,-0.9889942099336324,0.0015458972723058073,4.0,-0.00048436412072770907,0.0002709110004450134,0.0,-0.000888000888001,0.000888000888001,5.0,0.2802576408890811,0.04963323130953345,0.3696041852074984,0.2052488298760771,0.1643553553314213,5.0,1357.4092574092572,61.42177247280991,1476.190476190476,1268.131868131868,208.0586080586079,5.0
기본제동등A,수준3,40,3,-2,-1.090251353982301,87.429203539823,80.26991150442478,0.06485819296460175,1546.0,2936.0,False,True,133,1.1996488360124726,0.005252874895319866,1.2087912087912087,1.1923631923631923,0.01642801642801639,0.0,-0.706141805757326,0.0035363569365685207,-0.6998597826626626,-0.710929563762867,0.011069781100204401,2.0,-0.0007669098578189092,0.0005338886003710945,0.0004440004440002,-0.0017760017760017,0.0022200022200019,4.0,0.13784894003460085,0.11143625326058108,0.39075616574062,-0.0730790871687738,0.4638352529093938,4.0,1448.018648018648,100.94957265423999,1677.6556776556774,1320.14652014652,357.5091575091574,5.0
기본제동등A,수준3,40,4,-2,0.326907364159292,87.42035398230088,86.98230088495575,0.03513181004424779,1559.0000000000002,2949.0,False,True,144,1.871528471528471,0.012601189868640481,1.890842490842491,1.8512820512820516,0.03956043956043942,1.0,-0.010837366408834703,0.012965905743515152,0.0090355724076996,-0.031668662972739,0.0407042353804386,1.0,-0.0017982017982017455,0.0008966013905305661,0.0,-0.0029304029304031,0.0029304029304031,4.0,-0.1505090423974516,0.1386251349823284,0.1273543844592333,-0.3256840002493643,0.4530383847085976,7.0,1385.014985014985,69.56336079856821,1516.4835164835165,1290.10989010989,226.3736263736264,6.0
기본제동등A,수준3,40,1,-4,-1.5615973274336283,74.58849557522124,80.15486725663717,0.0433375721238938,1242.9999999999998,3264.0000000000005,False,True,116,2.053080253080253,0.022798485555685602,2.0930402930402936,2.021245421245421,0.07179487179487243,1.0,-1.1788067280017018,0.011728647551925306,-1.1555875020411108,-1.1927365708507065,0.037149068809595676,3.0,-0.0029304029304029005,0.002517581517902577,0.0043956043956048,-0.0058608058608067,0.0102564102564115,5.0,0.08197181741873959,0.31982434063356274,1.01160160609761,-0.2911570850952497,1.3027586911928597,4.0,1349.284049284049,111.65257535783483,1619.7802197802196,1192.6739926739926,427.1062271062269,6.0
기본제동등A,수준3,40,2,-4,-1.8387996398230089,74.48230088495575,80.66371681415929,0.04786243756637169,1259.0,3250.0,False,True,123,1.3338835077965516,0.004759901241321136,1.341991341991342,1.326895326895327,0.015096015096015103,1.0,-1.0351614659322315,0.00029469417791951275,-1.0343750118902924,-1.0355889473424271,0.0012139354521347734,8.0,-0.0006756528495658653,0.00026334079792311656,0.0,-0.000888000888001,0.000888000888001,7.0,0.2757270856027205,0.044569065849546466,0.3899374940482247,0.2387674389244392,0.1511700551237855,9.0,1439.369326325848,106.61205009594835,1643.956043956044,1324.5421245421244,319.41391941391953,7.0
기본제동등A,수준3,40,3,-4,-1.7444715584070798,74.65044247787611,83.68141592920354,0.03558543207964602,1433.0,3058.0,False,True,127,1.1295467817206946,0.001825119071880763,1.1324231324231324,1.1266511266511263,0.005772005772006095,2.0,-0.9579763439868916,0.001249707459828774,-0.9559391111644332,-0.9600572773147648,0.004118166150331559,1.0,-0.00027026113982634787,0.0002588644242609872,0.0004440004440002,-0.0004440004440007,0.0008880008880008999,7.0,0.304917177335987,0.049440693830716316,0.4414376657249172,0.2708883633066726,0.17054930241824462,7.0,1375.5056537665232,88.29388347916742,1549.4505494505493,1263.003663003663,286.4468864468863,5.0
기본제동등A,수준3,40,4,-4,-1.2303081725663716,74.62389380530973,79.47345132743362,0.05270950022123894,1267.0,3212.0,False,True,141,2.1228539576365675,0.00415852362917975,2.1296703296703297,2.113553113553113,0.016117216117216504,1.0,0.25997682989252124,0.004359315286066731,0.2671583808466503,0.2503235043234072,0.01683487652324306,2.0,-0.0007644529383659782,0.001070296161665197,0.0014652014652014,-0.0029304029304029,0.0043956043956043,3.0,0.01045349057887677,0.18138319894960145,0.3882487764691847,-0.356787616612414,0.7450363930815986,5.0,1379.2642140468222,82.65099881547836,1543.5897435897434,1276.190476190476,267.3992673992675,5.0
기본제동등A,수준3,40,1,-6,-2.5512079048672565,61.69469026548673,73.6858407079646,0.06725122995575222,1260.0,3247.0,False,True,114,2.2602643733078525,0.015670896790154643,2.287912087912088,2.23956043956044,0.04835164835164818,0.0,-1.5250687219897818,0.008683790540584243,-1.5078680119644738,-1.5355245237028838,0.027656511738409995,1.0,-0.0022296544035674127,0.0013156857393256322,0.0014652014652014,-0.0043956043956043,0.0058608058608057,5.0,0.2541223140409756,0.1533539404319634,0.6856437847099812,0.0038711618605197,0.6817726228494615,5.0,1428.0936454849493,104.51654985759154,1661.5384615384614,1287.9120879120878,373.6263736263736,6.0
기본제동등A,수준3,40,2,-6,-2.9539707035398233,61.783185840707965,72.04867256637168,0.10279729384955752,1185.0,3308.0,False,True,118,1.6880713489409138,0.008699029782187387,1.701831501831502,1.6739926739926738,0.027838827838828184,0.0,-1.1345792672910868,0.0006643429425619238,-1.1333205936128543,-1.1358275417522592,0.0025069481394048854,4.0,-0.0012103838190794436,0.0007194522931920107,0.0,-0.0029304029304033,0.0029304029304033,8.0,0.261184078923854,0.10445139234425575,0.4373929743856373,0.011537140011881,0.4258558343737563,4.0,1370.6641184902053,75.46902150103264,1504.7619047619046,1279.120879120879,225.64102564102564,5.0
기본제동등A,수준3,40,3,-6,-2.7746577265486727,61.65486725663717,74.79646017699115,0.1348680939380531,1484.0,3034.0,False,True,132,1.0918374554738188,0.008826630865858399,1.1093351093351094,1.083139083139083,0.026196026196026345,1.0,-0.8253354872635144,0.009422138117473774,-0.8072547985312145,-0.8351752479142108,0.027920449382996315,2.0,0.0011301829483647545,0.002173971719392154,0.0079920079920081,-0.0004440004440005,0.008436008436008599,4.0,0.5520642060865281,0.45240057455242383,1.9794038794466609,0.221703205161302,1.757700674285359,5.0,1394.1724941724942,86.41390936128278,1573.6263736263736,1301.8315018315018,271.7948717948718,5.0
기본제동등A,수준3,40,4,-6,-3.59595658539823,61.557522123893804,70.02654867256638,0.09031694561946903,1250.0,3418.0,False,True,136,1.2061877516422972,0.007700432751949376,1.2221112221112218,1.198135198135198,0.02397602397602383,0.0,-0.6307041338335787,0.006347862312083162,-0.6172877084696197,-0.636766936244732,0.01947922777511235,2.0,-0.0011705466250920365,0.0007936071928272501,0.0,-0.0022200022200022,0.0022200022200022,4.0,0.016950435705095968,0.1731074450683098,0.2723904338784862,-0.2119688594812809,0.48435929335976713,6.0,1375.2913752913753,77.43755979436163,1531.8681318681315,1265.9340659340658,265.93406593406576,4.0
기본제동등A,수준3,60,1,-2,1.1802074242035396,87.37610619469027,93.9424778761062,0.060475487035398234,1219.0,3267.0,False,True,109,4.373074786648488,0.04498067089091683,4.44410409567204,4.30115761126214,0.1429464844099,1.0,-1.7937992598368373,0.01705207088556627,-1.7651531149889574,-1.8229048842714908,0.05775176928253334,6.0,-0.006658997720957985,0.002852782965664001,0.0,-0.010210463172136,0.010210463172136,4.0,-0.06282396419566551,0.12211656911582269,0.2241511200015643,-0.216797351936534,0.4409484719380983,7.0,1435.387800605192,79.35346322578354,1590.4761904761904,1314.2857142857142,276.19047619047615,6.0
기본제동등A,수준3,60,2,-2,-0.12133934451327452,87.38495575221239,85.11061946902655,0.04718926522123894,1433.0,3050.0,False,True,125,1.2355119627846902,0.003191855351306296,1.2407592407592405,1.2305472305472307,0.010212010212009792,0.0,-1.0030241216362852,0.0006677576656322034,-1.0017237696527566,-1.0039875704602668,0.002263800807510208,5.0,-0.0004843641207277181,0.00027091100044491834,0.0,-0.000888000888001,0.000888000888001,6.0,0.2892904683687582,0.04846151593926634,0.3758996175967249,0.2160953147679087,0.15980430282881622,5.0,1393.4731934731938,60.871145789731884,1508.4249084249084,1304.7619047619046,203.6630036630038,5.0
기본제동등A,수준3,60,3,-2,0.8984481827433624,87.42035398230088,92.41150442477876,0.03948540871681416,1436.0,3067.0,False,True,135,1.1633294241989893,0.0031388126006858075,1.1683871683871685,1.1586191586191588,0.009768009768009733,0.0,-0.7017360664078739,0.0017155158120050295,-0.698991997645457,-0.7041598021789898,0.005167804533532716,4.0,-0.0004440004440003826,0.00026774234172743716,0.0,-0.0008880008880012,0.0008880008880012,6.0,0.1933547069427806,0.05774067631449086,0.289215563471312,0.097319559952469,0.191896003518843,7.0,1411.7216117216117,111.24856864066014,1613.186813186813,1271.7948717948716,341.3919413919414,4.0
기본제동등A,수준3,60,4,-2,-0.5709462221238936,87.3716814159292,86.19911504424779,0.030832105088495574,1742.9999999999998,2750.0,False,True,139,1.8696289218028341,0.00786395945476975,1.892307692307692,1.863003663003663,0.029304029304028978,1.0,0.023081759281818347,0.00761579288986834,0.0450511988884192,0.0166699745965975,0.0283812242918217,3.0,0.0008281573498964783,0.002644238897578969,0.0073260073260075,-0.0029304029304033,0.0102564102564108,5.0,0.32659243809518596,0.4861401480889095,1.5218921098551397,-0.3640970951528876,1.8859892050080274,8.0,1509.7308488612834,132.33092220843034,1763.3699633699632,1336.9963369963368,426.3736263736264,6.0
기본제동등A,수준3,60,1,-4,-2.337435067256637,74.54867256637168,86.88053097345133,0.03821834809734513,2185.0,2331.0,False,True,112,2.9383283383283385,0.028818262596202637,2.986813186813187,2.894505494505494,0.09230769230769287,0.0,-1.7121648625807304,0.0036097196348562695,-1.7035814125409308,-1.716072653566805,0.012491241025874178,2.0,-0.004395604395604354,0.0007831831264832422,-0.0029304029304029,-0.0058608058608062,0.0029304029304033,4.0,0.04983124230204667,0.07721046103405976,0.1949363094105245,-0.0947463994781396,0.2896827088886641,4.0,1387.3126873126873,76.23788806582178,1509.89010989011,1291.5750915750914,218.3150183150185,5.0
기본제동등A,수준3,60,2,-4,-2.42773361960177,74.51327433628319,85.91150442477876,0.06289466296460178,2206.0,2310.0,False,True,121,1.458674658674659,0.002655028252967857,1.4630036630036631,1.4556776556776558,0.0073260073260073,0.0,-1.07042744674424,0.0068218842275103945,-1.0586272318937693,-1.0780692928987905,0.019442061005021216,2.0,0.00013320013320011818,0.0008940063014683681,0.0014652014652019,-0.0014652014652019,0.0029304029304038,5.0,0.4284598173743431,0.14231817010200962,0.64160834257513,0.1744489129371199,0.4671594296380101,6.0,1605.0616050616052,256.5854136573133,2173.6263736263736,1211.7216117216117,961.9047619047619,5.0
기본제동등A,수준3,60,3,-4,-1.8816821026548671,74.55309734513274,81.73008849557522,0.03231398314159292,1653.0,2846.0,False,True,130,1.0993161427944036,0.0012035464014839784,1.100899100899101,1.0973470973470971,0.003552003552003802,2.0,-0.8769122460502679,0.001085430729893888,-0.8752734714703843,-0.8793038504875921,0.004030379017207819,9.0,-0.00011582620278273044,0.000333803712534587,0.0004440004440005,-0.0004440004440009,0.0008880008880014,7.0,0.3084812255807292,0.06751019298233074,0.4220841511346234,0.2415123019857021,0.1805718491489213,8.0,1451.3139034878163,233.9329805270019,1926.007326007326,1115.7509157509155,810.2564102564104,6.0
기본제동등A,수준3,60,4,-4,-1.2520565769911502,74.5575221238938,83.01769911504425,0.04550018876106195,1733.0,2738.0,False,True,143,2.064135864135865,0.008711562206613887,2.076923076923077,2.049084249084249,0.027838827838828184,0.0,0.18762734762206643,0.008782966834623518,0.2005222416130819,0.172372773033748,0.028149468579333897,1.0,-0.00039960039960038637,0.0034192564504649265,0.0058608058608067,-0.0043956043956043,0.010256410256411,3.0,0.06100177125276612,0.5226730586343631,1.0183560333311226,-0.5507716800536997,1.5691277133848223,3.0,1426.107226107226,82.40980499522401,1551.6483516483515,1310.6227106227104,241.0256410256411,5.0
기본제동등A,수준3,60,1,-6,-2.639536285840708,61.65486725663717,79.9424778761062,0.07380209548672567,1728.0,2749.0,False,True,115,2.016403885969104,0.01049561486846078,2.037362637362637,2.002197802197802,0.035164835164834596,1.0,-1.4411128853506916,0.009367951696604508,-1.4249642820274018,-1.4510366608976144,0.02607237887021263,6.0,-0.0015926102882624262,0.0014593986643223267,0.0029304029304024,-0.0029304029304033,0.0058608058608056995,7.0,0.3156730021091813,0.1824504657502466,0.8811208604603302,0.1437782027668813,0.737342657693449,7.0,1401.3377926421404,85.93760371977929,1554.5787545787546,1267.3992673992673,287.1794871794873,5.0
기본제동등A,수준3,60,2,-6,-2.529651209734513,61.65486725663717,74.88053097345133,0.05827079752212389,1778.0,2743.0,False,True,124,1.2794276430640068,0.0030971380949715525,1.2847152847152847,1.274947274947275,0.009768009768009733,0.0,-1.0231402141624768,0.0010852277177704351,-1.0209772609931285,-1.0248237149348474,0.003846453941718897,2.0,-0.0004843641207277272,0.00023370467575437734,0.0,-0.000888000888001,0.000888000888001,7.0,0.2994249007642527,0.040451066856437484,0.3840051414299595,0.2291352435815997,0.1548698978483598,4.0,1364.135864135864,96.51374401757785,1567.7655677655678,1224.9084249084249,342.8571428571429,4.0
기본제동등A,수준3,60,3,-6,-2.8848372911504425,61.83185840707964,79.57964601769912,0.08565708438053099,1784.0,2689.0,False,True,128,1.15995115995116,0.0029904554341805985,1.1657231657231657,1.1563991563991562,0.009324009324009452,1.0,-0.8927554515186872,0.0006220491048999421,-0.8912701753494437,-0.8933936925369904,0.002123517187546664,2.0,-0.00040539170973949993,0.00037658137585231435,0.000888000888001,-0.0008880008880012,0.0017760017760022001,4.0,0.2644906926127583,0.07275539768067259,0.5148935692559933,0.1713549775085684,0.34353859174742485,6.0,1395.2221691352127,70.93337213792383,1566.3003663003662,1301.098901098901,265.2014652014652,5.0
기본제동등A,수준3,60,4,-6,-1.8276365832876105,61.80530973451327,81.30088495575221,0.06373470938053098,1528.0,2965.0,False,True,137,1.4540213409778624,0.026661778607476375,1.5054945054945057,1.4278388278388277,0.07765567765567805,2.0,-0.3868979516942803,0.02473632950557946,-0.3389965415428606,-0.4112680985710837,0.07227155702822313,3.0,-0.002930402930402914,0.0044397824342321535,0.0087912087912087,-0.0087912087912087,0.0175824175824174,5.0,-0.3811963660450246,0.9409827714671695,2.103362923586285,-1.625319426680791,3.728682350267076,4.0,1398.4073897117373,85.38367957109789,1550.18315018315,1290.10989010989,260.0732600732599,5.0
밝기변화제동등B,수준3,20,1,-2,1.6697065553097346,87.39823008849558,94.11061946902655,0.05197419933628318,1174.0,3318.0,False,False,8,3.429686255773212,0.03101000695929862,3.4732600732600734,3.3838827838827843,0.08937728937728906,1.0,-1.376148159536627,0.035415105770332064,-1.331343582143938,-1.4311683462388416,0.09982476409490348,1.0,-0.0010829749960184565,0.009258502875482424,0.0190476190476194,-0.0102564102564111,0.029304029304030497,2.0,0.020914380858122743,0.3896614309110475,0.8677463880329248,-0.3666569803727113,1.2344033684056361,1.0,1404.0770823379517,67.08792634681815,1526.739926739927,1317.216117216117,209.52380952380986,5.0
밝기변화제동등B,수준3,20,2,-2,1.821550080530973,87.58407079646018,98.87610619469027,0.023951003761061945,1208.0,3302.0,True,False,18,,,,,,,,,,,,,,,,,,,,,,,,,,,,,,
밝기변화제동등B,수준3,20,3,-2,2.3118323544247787,87.40265486725664,97.02654867256638,0.027919391504424778,1152.0,3509.0,False,False,23,,,,,,,,,,,,,,,,,,,,,,,,,,,,,,
밝기변화제동등B,수준3,20,4,-2,2.123266903982301,87.36283185840708,97.15044247787611,0.03615683110619469,1128.0,3365.0,False,False,29,,,,,,,,,,,,,,,,,,,,,,,,,,,,,,
밝기변화제동등B,수준3,20,1,-4,0.32055449115044243,74.91150442477876,85.93805309734513,0.09501935473451328,1079.0,3424.0,True,False,4,4.938615391577064,0.02268379363422299,4.980153412209161,4.908680170004212,0.07147324220494866,1.0,-0.3544269138851069,0.026247764830905646,-0.3074909782238844,-0.387717334759672,0.08022635653578764,3.0,0.0004641119623697773,0.008759189334740007,0.0204209263442711,-0.010210463172136,0.0306313895164071,4.0,0.009224073381790952,0.2736126803498629,0.631100850551668,-0.3267717292420991,0.957872579793767,6.0,1412.0879120879124,100.6435392722944,1586.8131868131868,1285.7142857142856,301.09890109890125,5.0
밝기변화제동등B,수준3,20,2,-4,-0.07400899115044261,74.62389380530973,81.00442477876106,0.06798930238938053,1063.0,3409.0,False,False,16,,,,,,,,,,,,,,,,,,,,,,,,,,,,,,
밝기변화제동등B,수준3,20,3,-4,-1.3195682234513275,74.62389380530973,74.92035398230088,0.07526270424778761,1224.0,3284.0,False,True,27,,,,,,,,,,,,,,,,,,,,,,,,,,,,,,
밝기변화제동등B,수준3,20,4,-4,-0.6855934336283189,74.56194690265487,75.22566371681415,0.09437576154867257,1142.0,3347.0,False,True,30,,,,,,,,,,,,,,,,,,,,,,,,,,,,,,
밝기변화제동등B,수준3,20,1,-6,-3.5954428508849556,61.663716814159294,66.63716814159292,0.32442656747787607,1042.0,3449.0,False,False,3,5.329750792559458,0.39269839330168554,5.893989866115303,4.980153412209161,0.9138364539061428,2.0,0.03803429202463427,0.38236469708642457,0.5878706973092651,-0.3043316100076949,0.89220230731696,2.0,0.031963189060598536,0.07157622393180496,0.1735778739263063,-0.0765784737910175,0.2501563477173238,4.0,0.9642298433140862,2.1803842081568146,5.464401546656527,-2.277677608963813,7.74207915562034,4.0,1403.9178213091257,92.5340686771425,1589.7435897435896,1295.970695970696,293.77289377289367,6.0
밝기변화제동등B,수준3,20,2,-6,-3.099715070796461,61.81858407079646,66.66814159292035,0.28915394730088495,1059.0,3411.0,False,False,14,,,,,,,,,,,,,,,,,,,,,,,,,,,,,,
밝기변화제동등B,수준3,20,3,-6,-3.218185933628319,61.63274336283186,66.57964601769912,0.22448937637168143,1151.0,3351.0,False,False,20,,,,,,,,,,,,,,,,,,,,,,,,,,,,,,
밝기변화제동등B,수준3,20,4,-6,-1.845592765929204,61.6283185840708,63.769911504424776,0.18434828765486724,1155.0,3324.0,False,False,28,,,,,,,,,,,,,,,,,,,,,,,,,,,,,,
밝기변화제동등B,수준3,40,1,-2,1.0469073787610619,87.36283185840708,94.97345132743362,0.017246302699115045,1745.0,2735.9999999999995,False,True,5,4.5304490994537945,0.02267054386419599,4.571734885323735,4.495156411532718,0.07657847379101757,0.0,-0.746365118424199,0.019960299810590373,-0.7089021304035402,-0.7766762793470412,0.06777414894350098,5.0,-0.003329498860478974,0.002924113549290107,0.0,-0.010210463172136,0.010210463172136,6.0,-0.09465268514666846,0.10032073618716476,0.0206318929553851,-0.3302678445132984,0.35089973746868347,6.0,1411.3075330466636,67.28545389340071,1533.3333333333333,1309.89010989011,223.44322344322336,6.0
밝기변화제동등B,수준3,40,2,-2,1.0832293168141591,87.38053097345133,91.47787610619469,0.044615437123893806,1320.0,3198.0,False,True,11,,,,,,,,,,,,,,,,,,,,,,,,,,,,,,
밝기변화제동등B,수준3,40,3,-2,0.5411372606194691,87.39823008849558,93.29203539823008,0.05017072168141593,2089.0,2387.0,False,True,22,,,,,,,,,,,,,,,,,,,,,,,,,,,,,,
밝기변화제동등B,수준3,40,4,-2,1.3925068053097347,87.38053097345133,89.74778761061947,0.04287456690265486,1230.0,3247.0,False,True,32,,,,,,,,,,,,,,,,,,,,,,,,,,,,,,
밝기변화제동등B,수준3,40,1,-4,-1.5233527376106193,74.57964601769912,76.14159292035399,0.05939846809734513,1234.0,3252.0,False,True,2,5.491604794740682,0.14705190924769368,5.715306760602927,5.286467307373231,0.4288394532296964,1.0,0.13962614312381574,0.12291205738987107,0.3284840800494349,-0.03098923704518,0.35947331709461494,3.0,0.00881812728502623,0.038981721236764744,0.0969994001352878,-0.0510523158606774,0.1480517159959652,2.0,0.16829043441123834,1.1478455179825005,2.7309346511053647,-1.5984482175329893,4.329382868638354,3.0,1389.2773892773891,58.32635308981533,1490.8424908424906,1308.4249084249084,182.41758241758225,6.0
밝기변화제동등B,수준3,40,2,-4,0.4115318778761067,74.56194690265487,84.47787610619469,0.021173564867256633,1338.0,3152.0,False,True,13,,,,,,,,,,,,,,,,,,,,,,,,,,,,,,
밝기변화제동등B,수준3,40,3,-4,0.6294200517699113,74.57522123893806,88.6283185840708,0.0603998507079646,1357.0,3130.0,False,True,19,,,,,,,,,,,,,,,,,,,,,,,,,,,,,,
밝기변화제동등B,수준3,40,4,-4,0.4965470973451331,74.49115044247787,84.84070796460178,0.07465949920353981,1259.0,3237.0,False,True,33,,,,,,,,,,,,,,,,,,,,,,,,,,,,,,
밝기변화제동등B,수준3,40,1,-6,-2.1593007305309735,61.809734513274336,74.71681415929204,0.17217305084070797,1225.0,3283.0,False,True,1,5.485793305820574,0.11759653925716673,5.659149213156182,5.373256244336384,0.2858929688197982,0.0,0.13557335096967327,0.0797862820213674,0.2551214568107778,0.0591834412327227,0.1959380155780551,3.0,0.007990797265149655,0.025096774251620345,0.0663680106188815,-0.0255261579303391,0.09189416854922061,5.0,0.06868969392662709,0.6395047257793846,1.5495737814334218,-0.7975171346407383,2.34709091607416,5.0,1419.589106545628,82.36857014304562,1586.080586080586,1305.4945054945051,280.5860805860809,5.0
밝기변화제동등B,수준3,40,2,-6,0.7420876553097342,61.623893805309734,72.54867256637168,0.09133041738938052,1147.0,3351.0,False,True,17,,,,,,,,,,,,,,,,,,,,,,,,,,,,,,
밝기변화제동등B,수준3,40,3,-6,-2.603277971681416,61.557522123893804,71.76548672566372,0.10846846641592921,1242.0,3269.0,False,True,26,,,,,,,,,,,,,,,,,,,,,,,,,,,,,,
밝기변화제동등B,수준3,40,4,-6,-0.500540507522124,61.703539823008846,78.86725663716814,0.09037536265486724,1094.0,3403.0,False,True,34,,,,,,,,,,,,,,,,,,,,,,,,,,,,,,
밝기변화제동등B,수준3,60,1,-2,0.7006286977876103,87.34955752212389,91.11946902654867,0.050164576460177,1503.0,2984.0,False,True,0,,,,,,,,,,,,,,,,,,,,,,,,,,,,,,
밝기변화제동등B,수준3,60,2,-2,1.4554463128318587,87.34955752212389,90.91592920353982,0.016191770929203538,1349.0,3136.0,False,True,7,3.635764235764236,0.04007752736403295,3.709157509157509,3.575824175824176,0.13333333333333286,0.0,-1.4014184200904254,0.02850703621252619,-1.3454324991078297,-1.4411087911237492,0.09567629201591954,0.0,-0.006327006327006254,0.001885415504302713,-0.0029304029304033,-0.0102564102564102,0.007326007326006899,5.0,-0.1904641967875075,0.07546967062687096,-0.0548448749751928,-0.3474147600940969,0.2925698851189041,5.0,1417.3160173160172,78.98365442918615,1554.5787545787546,1311.3553113553112,243.22344322344338,4.0
밝기변화제동등B,수준3,60,3,-2,0.5906366946902656,87.39380530973452,89.26991150442478,0.054291132079646025,1437.0,3059.0,False,True,10,,,,,,,,,,,,,,,,,,,,,,,,,,,,,,
밝기변화제동등B,수준3,60,4,-2,-0.09173488849557558,87.35840707964601,84.69469026548673,0.051228770398230095,1539.0000000000002,2972.0,False,True,24,,,,,,,,,,,,,,,,,,,,,,,,,,,,,,
밝기변화제동등B,수준3,60,5,-2,1.2582323955752206,87.38938053097345,91.46902654867256,0.030638011017699116,1546.0,2928.0,False,True,35,,,,,,,,,,,,,,,,,,,,,,,,,,,,,,
밝기변화제동등B,수준3,60,1,-4,0.4288273185840707,74.54867256637168,86.56637168141593,0.04368212592920355,1206.0,3289.0,False,True,6,4.097381132224338,0.01918214605346245,4.127579737335834,4.052014652014652,0.07556508532118222,1.0,-1.1161723064628855,0.014596788183770878,-1.099116986662058,-1.1507991700530318,0.051682183390973746,2.0,-0.0036668325866931685,0.004209388845494613,0.0043956043956043,-0.0102104631721351,0.014606067567739401,2.0,-0.09492306540134342,0.15602065777695967,0.2041474340037447,-0.336045702328872,0.5401931363326167,4.0,1414.119214119214,78.79661113481572,1582.4175824175825,1304.0293040293038,278.38827838827865,5.0
밝기변화제동등B,수준3,60,2,-4,0.5255476190265485,74.58407079646018,87.99115044247787,0.05474549234513274,1267.0,3228.0,False,True,12,,,,,,,,,,,,,,,,,,,,,,,,,,,,,,
밝기변화제동등B,수준3,60,3,-4,-0.5684353703539823,74.46017699115045,84.7566371681416,0.030967168230088493,1667.0,2824.0,False,True,21,,,,,,,,,,,,,,,,,,,,,,,,,,,,,,
밝기변화제동등B,수준3,60,4,-4,0.13569784778761068,74.46460176991151,87.46017699115045,0.05899063292035399,1714.9999999999998,2777.0,False,True,36,,,,,,,,,,,,,,,,,,,,,,,,,,,,,,
밝기변화제동등B,수준3,60,1,-6,-1.0758384650442478,61.6858407079646,79.53097345132744,0.11363293796460176,1462.0,3052.0,False,True,9,3.1163242554546904,0.010710094547545294,3.1289377289377294,3.098168498168498,0.030769230769231548,0.0,-1.4591932591806394,0.004829012630355522,-1.453131028334434,-1.4710156375425805,0.017884609208146385,6.0,-0.001401497053670978,0.0011244242878440387,0.0,-0.0029304029304038,0.0029304029304038,4.0,0.014977829646743365,0.05000745599629908,0.0775592079984405,-0.0532889022323444,0.1308481102307849,6.0,1390.2532250358336,74.02413246804531,1542.857142857143,1290.8424908424909,252.01465201465203,5.0
밝기변화제동등B,수준3,60,2,-6,-1.8098075345132747,61.81858407079646,64.66814159292035,0.07898054345132743,1218.0,3285.0,False,True,15,,,,,,,,,,,,,,,,,,,,,,,,,,,,,,
밝기변화제동등B,수준3,60,3,-6,-2.387993399115044,61.66814159292036,74.26991150442478,0.07849464084070798,1441.0,3039.0,False,True,25,,,,,,,,,,,,,,,,,,,,,,,,,,,,,,
밝기변화제동등B,수준3,60,4,-6,-1.05070211460177,61.756637168141594,75.38938053097345,0.12274972274336284,1290.0,3212.0,False,True,31,,,,,,,,,,,,,,,,,,,,,,,,,,,,,,
점멸주파수변화제동등C,수준3,20,1,-2,0.014334727522123808,87.45132743362832,87.97345132743362,0.049695828628318575,1086.0,3391.0,False,True,43,3.1953814301640393,0.014515573148565084,3.2241758241758243,3.172893772893773,0.0512820512820511,0.0,-0.9473991138800618,0.02052618079412889,-0.9046118800360724,-0.9779080639739012,0.07329618393782877,1.0,-0.002293358815097904,0.001642671202710014,0.0014652014652014,-0.0043956043956043,0.0058608058608057,1.0,-0.04083696468740679,0.11013719346239298,0.2114639499130277,-0.1826729272872503,0.394136877200278,5.0,1411.5623506927852,85.41861694056021,1548.7179487179485,1282.051282051282,266.6666666666665,6.0
점멸주파수변화제동등C,수준3,20,2,-2,-0.9485974737610622,87.42035398230088,86.66371681415929,0.050764000840707965,1051.0,3426.0,False,True,47,2.0775890775890784,0.007576087780822436,2.091575091575092,2.0652014652014654,0.026373626373626724,0.0,-1.7018943854533217,0.006335155809893085,-1.6923886153076448,-1.7085592200903112,0.01617060478266641,3.0,-0.0012654012654012591,0.000937146005958719,0.0,-0.0029304029304029,0.0029304029304029,3.0,0.054108250537085255,0.07921500465642844,0.1612106359298542,-0.0874186739699867,0.24862930989984092,4.0,1357.8088578088577,95.07873774512657,1536.263736263736,1241.7582417582416,294.5054945054944,5.0
점멸주파수변화제동등C,수준3,20,3,-2,0.010920450442477761,87.4424778761062,86.28318584070796,0.06314446920353982,1033.0,3459.0,False,True,62,1.6351966873706003,0.005092297391705235,1.6417582417582417,1.627106227106227,0.0146520146520146,0.0,-0.7844053631700535,0.006044099552616661,-0.7757862115512083,-0.7929127175015833,0.017126505950375015,4.0,-0.0001911132345914739,0.0019410135571335588,0.0043956043956043,-0.0029304029304026,0.0073260073260069,5.0,0.0950415673916886,0.23088916973978277,0.6406026706327285,-0.2318372324982513,0.8724399031309797,6.0,1396.5281095715875,82.8652414626515,1569.9633699633698,1275.4578754578754,294.5054945054944,6.0
점멸주파수변화제동등C,수준3,20,4,-2,-1.7766399171238938,87.42035398230088,76.76991150442478,0.04162020340707965,1050.0,3440.0,False,True,71,1.346814801360256,0.0035342399605254407,1.3535353535353534,1.341103341103341,0.012432012432012307,0.0,-0.9534658648674882,0.0025313920385700876,-0.948287047849692,-0.957499303918686,0.009212256068994007,2.0,-0.0006054551509096727,0.00032266906438896674,0.0,-0.0008880008880012,0.0008880008880012,7.0,0.02619662801580575,0.04139137807578487,0.1038923251734142,-0.010171355946676,0.11406368112009019,6.0,1421.1455211455211,75.73772801061388,1558.974358974359,1326.739926739927,232.234432234432,6.0
점멸주파수변화제동등C,수준3,20,1,-4,-1.950798611946903,74.63274336283186,79.8141592920354,0.05404341818584071,968.0,3528.0,False,True,44,2.9412587412587414,0.018483282684793722,2.9721611721611727,2.9106227106227105,0.06153846153846221,0.0,-1.2808288762410542,0.022763600028625434,-1.2417799883504723,-1.3186046233416315,0.07682463499115921,0.0,-0.002863802863802827,0.0010582417168012621,-0.001465201465201,-0.0043956043956048,0.0029304029304037995,7.0,-0.0775134453008442,0.07506482422960796,0.02271069377088,-0.1864285556229521,0.2091392493938321,6.0,1407.6590076590076,95.07257343381401,1613.9194139194135,1282.7838827838827,331.13553113553075,5.0
점멸주파수변화제동등C,수준3,20,2,-4,-1.8729274141592918,74.52654867256638,73.80973451327434,0.10392415216814158,998.0,3475.0,False,True,53,1.5483183483183476,0.0027479133827671975,1.5538461538461537,1.545054945054945,0.00879120879120876,0.0,-1.3704173310063514,0.004889989287126302,-1.3616116360912096,-1.3756263921031844,0.014014756011974772,5.0,-0.00039960039960037727,0.001293384365574685,0.0043956043956043,-0.0014652014652016,0.005860805860805901,3.0,0.11882503807459842,0.13242798616461723,0.6100165057410246,0.0090066896052685,0.6010098161357561,6.0,1423.8095238095239,84.96687228428745,1547.985347985348,1310.6227106227104,237.36263736263754,5.0
점멸주파수변화제동등C,수준3,20,3,-4,-1.9808726548672568,74.59292035398231,71.93805309734513,0.07603082809734514,875.0,3600.0,False,True,56,1.3830401921311013,0.009111800407014118,1.3956043956043955,1.3712953712953713,0.024309024309024263,0.0,-1.2347079003656647,0.005289396562454819,-1.2280182965274744,-1.241385793295673,0.013367496768198484,5.0,-0.0011110102019192545,0.0015468338571066578,0.0013320013320012,-0.0070818070818072,0.008413808413808399,5.0,0.027958148355125646,0.17315143848789916,0.3018673303590733,-0.6403485419195662,0.9422158722786396,5.0,1342.4242424242423,84.97677048737732,1482.7838827838827,1229.3040293040292,253.47985347985355,6.0
점멸주파수변화제동등C,수준3,20,4,-4,-1.6117529833185844,74.52654867256638,77.48672566371681,0.0712206360619469,1045.0,3462.0,False,True,65,1.756310356310356,0.006701234522206573,1.7677655677655677,1.7457875457875458,0.0219780219780219,0.0,-0.609061864529872,0.006535340311771934,-0.5978143579691282,-0.6192765464414774,0.021462188472349264,6.0,-0.001065601065601009,0.0006679008144154251,0.0,-0.0014652014652016,0.0014652014652016,6.0,-0.027289708442010122,0.0792922464206125,0.0993780766896766,-0.074793379565096,0.1741714562547726,6.0,1413.8195138195138,76.25528763169127,1564.8351648351647,1325.2747252747251,239.5604395604396,6.0
점멸주파수변화제동등C,수준3,20,1,-6,-4.33759772477876,61.823008849557525,62.190265486725664,0.23832532017699115,875.0,3610.9999999999995,False,True,41,3.1764901764901765,0.010377568233964738,3.200732600732601,3.1641025641025644,0.0366300366300365,0.0,-1.2038478094919933,0.013916800860433154,-1.1842669005313091,-1.2252715567793622,0.04100465624805305,1.0,-0.0017316017316017043,0.0029525194926933187,0.0073260073260081,-0.0058608058608058,0.0131868131868139,5.0,0.0424393224529632,0.20817379380305923,0.6821545894656975,-0.2470668854433073,0.9292214749090049,3.0,1404.8285048285045,106.28318748935662,1577.2893772893772,1269.5970695970695,307.6923076923076,5.0
점멸주파수변화제동등C,수준3,20,2,-6,-3.354525026991151,61.796460176991154,63.376106194690266,0.17527560194690267,937.0,3560.0,False,True,51,1.7014319014319013,0.00641352894553673,1.7120879120879122,1.6930402930402932,0.01904761904761898,0.0,-1.4384129857795027,0.0015011385154566504,-1.4348416121641383,-1.440689736419486,0.005848124255347642,5.0,-0.0009324009324008863,0.0007214153317469694,0.0,-0.0014652014652019,0.0014652014652019,5.0,0.07052847934146628,0.06984330526826944,0.1608836724214494,0.0185111332448671,0.1423725391765823,5.0,1358.974358974359,78.29579289576314,1487.9120879120878,1262.2710622710622,225.64102564102564,5.0
점멸주파수변화제동등C,수준3,20,3,-6,-1.9477188792035403,61.61946902654867,66.23451327433628,0.21721644809734517,910.0,3578.9999999999995,False,True,63,1.590285077241599,0.02721241487123512,1.6241758241758242,1.561172161172161,0.06300366300366322,0.0,-0.8087816782825408,0.030180548408461873,-0.7713764686409157,-0.8409263532196732,0.06954988457875755,3.0,0.002229654403567435,0.004480685418066287,0.0117216117216114,-0.0029304029304024,0.0146520146520138,5.0,0.386949770333446,0.5416397364546671,1.5338180556322647,-0.2386458251255067,1.7724638807577713,7.0,1391.68657429527,71.11395612811461,1517.216117216117,1293.040293040293,224.17582417582412,5.0
점멸주파수변화제동등C,수준3,20,4,-6,-3.529497474115044,61.716814159292035,62.33185840707964,0.2106356747345133,899.0,3610.0,False,True,70,1.4137196137196133,0.0032147244103670385,1.419047619047619,1.408791208791209,0.010256410256409998,0.0,-0.8999267242665036,0.002277546314224153,-0.8959236429629642,-0.9036875610550152,0.007763918092051014,7.0,-0.0004662004662004454,0.0006985073913886811,0.0,-0.0014652014652014,0.0014652014652014,2.0,0.04396079900655274,0.08848317821509291,0.1030583144491373,-0.0827581538277581,0.1858164682768954,7.0,1418.5148185148184,93.61882888827925,1627.106227106227,1285.7142857142856,341.3919413919414,4.0
점멸주파수변화제동등C,수준3,40,1,-2,-0.7101826700884954,87.41150442477876,82.29646017699115,0.05274556314159292,1004.9999999999999,3501.0,False,True,38,3.8127206127206135,0.028398304991687794,3.8600732600732592,3.7692307692307696,0.09084249084248963,0.0,-0.7410776466162841,0.04144726440248566,-0.6708680906938631,-0.8029037742930317,0.13203568359916862,0.0,-0.0043956043956043375,0.0011963319867074418,-0.0014652014652005,-0.0058608058608067,0.004395604395606201,5.0,-0.11551649572522034,0.08677633987455845,0.1107299806778806,-0.2276017130525975,0.3383316937304781,5.0,1426.6067266067269,94.80166377850837,1590.4761904761904,1287.9120879120878,302.56410256410254,5.0
점멸주파수변화제동등C,수준3,40,2,-2,0.8076820207964603,87.39380530973452,85.21238938053098,0.06445386765486726,1048.0,3438.0,False,True,54,1.542188246536072,0.002594022133353911,1.5479853479853478,1.539194139194139,0.00879120879120876,0.0,-1.2807054435029068,0.0033129616245258656,-1.2733453750219017,-1.284315305767333,0.0109699307454314,5.0,-0.0003822264691829826,0.0007924154664669283,0.0014652014652012,-0.0014652014652016,0.0029304029304028003,2.0,0.11505396012880968,0.08283097896080112,0.3084408559569674,0.0012357440087331,0.3072051119482343,5.0,1404.5548654244305,107.89824400394888,1730.4029304029302,1278.3882783882782,452.01465201465203,5.0
점멸주파수변화제동등C,수준3,40,3,-2,0.910280750132743,87.43805309734513,81.72566371681415,0.052232918185840714,1217.0,3263.0,False,True,61,1.7823509823509822,0.07926478411205978,1.8527472527472528,1.6168498168498169,0.23589743589743595,1.0,-0.6494170449672514,0.08358494719870244,-0.5755226280439872,-0.823939903019127,0.24841727497513977,1.0,0.009324009324009336,0.013599341902082202,0.0307692307692306,-0.0087912087912083,0.0395604395604389,3.0,1.2124680242428998,1.6011804483646628,3.738122688392754,-0.9177835412260912,4.655906229618846,4.0,1420.4462204462202,120.7582096372337,1651.2820512820513,1268.131868131868,383.15018315018324,6.0
점멸주파수변화제동등C,수준3,40,4,-2,-0.5277985185840709,87.38053097345133,80.8716814159292,0.03423557871681416,1376.0,3139.0000000000005,False,True,72,1.284599458512502,0.0028812403624149325,1.29004329004329,1.28027528027528,0.009768009768010177,0.0,-0.9981487754724401,0.0016682364743983386,-0.99468836126665,-1.0003420999606971,0.005653738694047172,2.0,-0.0004633048111308739,0.0002832968569023067,0.0,-0.000888000888001,0.000888000888001,5.0,0.04424130302787265,0.03682593391067536,0.1044951924913888,-0.0111603666422103,0.11565555913359911,6.0,1388.979136805224,111.732688239912,1598.5347985347985,1259.3406593406592,339.1941391941393,5.0
점멸주파수변화제동등C,수준3,40,1,-4,-2.616372594247788,74.54867256637168,72.04424778761062,0.0644303685840708,1123.0,3376.0,False,True,39,3.4055422838031544,0.024469528553201163,3.4512820512820515,3.3706959706959703,0.08058608058608119,1.0,-1.22943510740518,0.021099018999702804,-1.1839883435195715,-1.2531652014545571,0.06917685793498562,4.0,-0.0036948558687688884,0.0015848309329339508,0.0,-0.0058608058608062,0.0058608058608062,6.0,-0.05513188314930529,0.13166973428235734,0.2518737837622473,-0.2358040884244634,0.48767787218671066,6.0,1407.5171205605989,74.90664342218761,1556.043956043956,1291.5750915750914,264.4688644688647,6.0
점멸주파수변화제동등C,수준3,40,2,-4,-2.1205255486725667,74.61504424778761,73.72123893805309,0.05594211491150443,1185.0,3318.0,False,True,52,1.5985347985347986,0.007259421807244631,1.610989010989011,1.587545787545788,0.023443223443223138,0.0,-1.4308535574672137,0.0007796566334007348,-1.4293006739008531,-1.432463788214654,0.0031631143138008966,6.0,-0.0011322011322010728,0.0007742321682149076,0.0,-0.0029304029304024,0.0029304029304024,7.0,0.04899011478473537,0.07720035313489391,0.1619445740694089,-0.1304605769710407,0.2924051510404496,6.0,1404.8951048951046,70.88470242019717,1543.5897435897434,1302.5641025641023,241.0256410256411,5.0
점멸주파수변화제동등C,수준3,40,3,-4,-1.5050060139159291,74.54424778761062,77.38938053097345,0.08069832146017701,1075.0,3404.0,False,True,58,1.6353240961936613,0.012112522040906765,1.657875457875458,1.6197802197802198,0.03809523809523818,0.0,-0.8689599648311923,0.010346703265434779,-0.8492323577616117,-0.8824017329626314,0.0331693752010197,3.0,-0.0018474279343844088,0.0014121180842284432,0.0014652014652012,-0.0043956043956046,0.0058608058608058,4.0,-0.07903805062454919,0.1603970445568587,0.2977791697917513,-0.368223049931364,0.6660022197231152,4.0,1326.7080745341614,68.93262165615431,1468.131868131868,1230.03663003663,238.09523809523807,6.0
점멸주파수변화제동등C,수준3,40,4,-4,-2.1648600433628316,74.56637168141593,78.65486725663717,0.05003558827433629,1306.0,3181.0,False,True,68,1.5579232361841053,0.009412568105127373,1.5758241758241762,1.5435897435897434,0.032234432234432786,0.0,-0.7769820851733793,0.009381696712342014,-0.7588355280697733,-0.7911146975261533,0.032279169456379986,2.0,-0.0014652014652014305,0.0007651765096953933,0.0,-0.0029304029304033,0.0029304029304033,4.0,-0.07973894878167527,0.09438549218384734,0.1011196103317491,-0.2604168508572161,0.3615364611889652,5.0,1516.419812071986,176.37953598187278,1961.9047619047617,1299.6336996336995,662.2710622710622,5.0
점멸주파수변화제동등C,수준3,40,1,-6,-2.19561728539823,61.796460176991154,72.76106194690266,0.06427862132743363,1132.0000000000002,3349.0,False,True,42,3.607725607725608,0.08944638428447634,3.75018315018315,3.4952380952380957,0.2549450549450545,1.0,-0.2539820145473681,0.1627557266168613,0.0055661726055942,-0.4577836383254058,0.46334981093100003,1.0,-0.009457209457209428,0.012626240495922827,0.0307692307692311,-0.0263736263736267,0.0571428571428578,5.0,-0.5090026669626447,0.7901704703701841,2.003539981447631,-1.5754490761435025,3.5789890575911336,2.0,1337.3959373959372,68.61153816291855,1473.260073260073,1233.6996336996335,239.5604395604396,4.0
점멸주파수변화제동등C,수준3,40,2,-6,-3.7872324461946896,61.85840707964602,67.93362831858407,0.11735509088495574,1103.0,3382.0,False,True,48,1.9421911421911415,0.006354205485039216,1.9523809523809528,1.9304029304029304,0.021978021978022344,0.0,-1.654271065949368,0.005832227239183334,-1.6454531705990123,-1.663724979704522,0.01827180910550963,2.0,-0.001065601065601041,0.0008065668608984171,0.0,-0.0029304029304029,0.0029304029304029,5.0,0.07024836724722468,0.07080576029726075,0.1637452292408228,-0.0941356914506797,0.2578809206915025,6.0,1416.2504162504158,79.30821229753082,1561.1721611721612,1301.8315018315018,259.3406593406594,6.0
점멸주파수변화제동등C,수준3,40,3,-6,-2.7374198907079643,61.730088495575224,67.79646017699115,0.11827889238938052,1250.0,3392.0,False,True,60,1.7058448797579229,0.006012317173231287,1.7164835164835168,1.6974358974358976,0.019047619047619202,0.0,-0.753288287141753,0.0047976862421053364,-0.7446163332943909,-0.7596354265140928,0.015019093219701851,7.0,-0.000891861761426948,0.0007311514715719091,0.0,-0.0014652014652019,0.0014652014652019,6.0,0.017304997507461114,0.08518879975955362,0.121299276634362,-0.0497618982862888,0.17106117492065082,7.0,1380.5064500716671,93.94619016860543,1552.3809523809523,1268.8644688644688,283.5164835164835,5.0
점멸주파수변화제동등C,수준3,40,4,-6,-3.9735714796460186,61.75221238938053,66.90265486725664,0.06636512805309734,1068.0,3438.0,False,True,67,1.5330669330669324,0.007086781201990461,1.545054945054945,1.5245421245421245,0.02051282051282044,0.0,-0.8228259425447993,0.0066423011583814275,-0.8115211426667702,-0.8306499694529378,0.019128826786167563,3.0,-0.0009324009324008909,0.0007214153317469728,0.0,-0.0014652014652016,0.0014652014652016,4.0,-0.01013593535161787,0.08825224604553275,0.1040641941536953,-0.075378868172783,0.1794430623264783,4.0,1385.4478854478857,63.16502422190399,1498.9010989010987,1295.970695970696,202.9304029304028,5.0
점멸주파수변화제동등C,수준3,60,1,-2,0.6710913438053098,87.3716814159292,92.08849557522124,0.033802959203539824,1405.0,3069.0,False,True,45,2.66255773212295,0.01894711970558146,2.6923076923076925,2.632234432234432,0.060073260073260304,1.0,-1.5589435167461223,0.0160144738965228,-1.5343646062298648,-1.5837532331112951,0.04938862688143031,1.0,-0.002739289695811404,0.0009165468749762117,-0.001465201465201,-0.0043956043956048,0.0029304029304037995,8.0,-0.06534490990434835,0.06854930840580753,0.0307972598047507,-0.189396828348272,0.22019408815302272,6.0,1380.856824335085,78.42695425765069,1569.9633699633698,1276.923076923077,293.0402930402929,5.0
점멸주파수변화제동등C,수준3,60,2,-2,-1.1427574973451329,87.37610619469027,79.13274336283186,0.05817030615044248,1093.0,3408.0,False,True,49,1.882584082584082,0.026091266986030207,1.92014652014652,1.854212454212454,0.06593406593406592,1.0,-1.5300895839908628,0.04286043219383389,-1.4724068002091166,-1.5782447264949004,0.10583792628578381,3.0,0.0022644022644022366,0.0042831662179989155,0.0102564102564104,-0.0029304029304031,0.0131868131868135,6.0,0.36693027828117636,0.3884893137702924,1.0900121794059945,-0.107702943468101,1.1977151228740954,7.0,1395.3379953379954,81.23788395537326,1574.3589743589744,1287.9120879120878,286.44688644688654,5.0
점멸주파수변화제동등C,수준3,60,3,-2,-0.05294910884955788,87.35840707964601,81.63716814159292,0.051508351017699114,1160.0,3354.0,False,True,57,1.3797313797313797,0.004046196753986607,1.385947385947386,1.373071373071373,0.012876012876013032,0.0,-1.1758160710740813,0.002512264447214473,-1.1725874138237664,-1.1836277707432126,0.01104035691944616,3.0,-8.072735345461816e-05,0.0013949056647671542,0.003108003108003,-0.0013320013320015,0.0044400044400045,4.0,0.13934279929030452,0.15902434789688724,0.502913548178916,-0.0032700690228858,0.5061836172018018,4.0,1394.3722943722942,74.00403218460139,1534.7985347985348,1285.7142857142856,249.08424908424922,5.0
점멸주파수변화제동등C,수준3,60,4,-2,-1.1121656475221238,87.37610619469027,82.8141592920354,0.040082941681415934,1171.0,3337.0,False,True,66,1.649721293199554,0.009380057938753092,1.6666666666666667,1.6344322344322344,0.03223443223443234,0.0,-0.7112168129759118,0.009319387567586957,-0.694180915155387,-0.7263982682754426,0.03221735312005558,2.0,-0.0014652014652014086,0.0006247640039725209,0.0,-0.0029304029304031,0.0029304029304031,5.0,-0.07531381553425001,0.07529370425567392,0.101393466213691,-0.2518588264685497,0.3532522926822407,3.0,1425.2269469660769,94.37370642782284,1638.8278388278386,1299.6336996336995,339.1941391941391,6.0
점멸주파수변화제동등C,수준3,60,1,-4,-2.8035992796460176,74.56637168141593,79.09734513274336,0.05973525597345133,1587.0,2913.0000000000005,False,True,40,3.4306360306360317,0.01398743350723242,3.4512820512820515,3.407326007326008,0.043956043956043356,1.0,-0.9563028071854712,0.0281408443871966,-0.9166873973217324,-1.0007527183717415,0.08406532105000908,1.0,-0.0011988011988011407,0.005187888495310475,0.0102564102564102,-0.0058608058608058,0.016117216117215998,4.0,0.07286035900337744,0.33715620674737395,0.8177593741631921,-0.2361769760458489,1.053936350209041,4.0,1421.3786213786213,91.29141797892821,1647.6190476190477,1303.2967032967033,344.3223443223444,5.0
점멸주파수변화제동등C,수준3,60,2,-4,0.03829602977876083,74.53539823008849,79.83185840707965,0.03941665840707965,1162.0,3318.0,False,True,50,1.7931401931401927,0.0026126862182643965,1.7985347985347984,1.7897435897435898,0.008791208791208538,0.0,-1.4754743107536301,0.007052348408322323,-1.4642531609159264,-1.4841692364518602,0.019916075535933775,5.0,-0.00046620046620043633,0.0009470109726027156,0.0014652014652014,-0.0014652014652016,0.002930402930403,4.0,0.11716492735236103,0.08875211523978589,0.2983890207525059,0.0226355387465999,0.275753482005906,6.0,1423.8095238095239,111.56231047288617,1635.8974358974358,1291.5750915750914,344.3223443223444,5.0
점멸주파수변화제동등C,수준3,60,3,-4,-1.9768285694690266,74.51327433628319,79.11061946902655,0.07094496982300885,1565.9999999999998,2931.0,False,True,59,1.764368964368964,0.0048148538431945975,1.772161172161172,1.756043956043956,0.01611721611721606,0.0,-0.713510133228741,0.003642903964588043,-0.7076318536667868,-0.7199282546865348,0.012296401019747938,8.0,-0.0007992007992007681,0.0008729679121100115,0.0,-0.0029304029304029,0.0029304029304029,6.0,0.029571187188893452,0.09982221105539582,0.1210431530643749,-0.2139153164525647,0.3349584695169396,8.0,1410.8225108225106,144.3337537812418,1694.5054945054944,1237.362637362637,457.14285714285734,5.0
점멸주파수변화제동등C,수준3,60,4,-4,-0.9781490588495576,74.49557522123894,79.70796460176992,0.05441012247787611,1290.0,3217.0,False,True,69,1.4858474858474857,0.006161136128926119,1.4967032967032967,1.4761904761904765,0.020512820512820218,0.0,-0.8394223972721501,0.005690002675835749,-0.8292224303179861,-0.8482588811948418,0.01903645087685568,7.0,-0.0009324009324008911,0.000721415331746973,0.0,-0.0014652014652016,0.0014652014652016,7.0,-0.014537561722032561,0.09017492629536965,0.1021644317992696,-0.0812226733560443,0.1833871051553139,7.0,1348.6846486846487,72.13207202958134,1481.3186813186812,1238.095238095238,243.22344322344316,5.0
점멸주파수변화제동등C,수준3,60,1,-6,-4.570684927433628,61.7212389380531,69.19469026548673,0.0910131475221239,1291.0,3211.0,False,True,37,4.22192859405403,0.22759052581409212,4.541103495807328,4.008058608058608,0.5330448877487202,2.0,-0.07020602295791721,0.3651641715913603,0.4423760489893508,-0.4183816135408718,0.8607576625302226,2.0,0.02117824103886816,0.03625829949048594,0.0879120879120876,-0.0255261579303391,0.1134382458424267,2.0,2.2464334210993644,3.0030988128049874,8.1988401963346,-1.600323971344087,9.799164167678688,4.0,1399.9666999667,78.94835454246018,1537.7289377289376,1275.4578754578754,262.2710622710622,5.0
점멸주파수변화제동등C,수준3,60,2,-6,-3.7301592758407076,61.69911504424779,70.00884955752213,0.11088980371681416,1165.0,3315.0,False,True,46,2.271928071928073,0.0090987442623339,2.292307692307692,2.261538461538461,0.030769230769231104,2.0,-1.6740149911560733,0.010721187320912777,-1.6567212688889716,-1.688749217262556,0.03202794837358436,3.0,-0.001598401598401568,0.0021642459952409677,0.0029304029304029,-0.0043956043956043,0.0073260073260072,6.0,0.02475260204855895,0.17597517439046534,0.3932188264722486,-0.2044154738121124,0.5976343002843609,5.0,1431.9347319347316,122.41619493205609,1711.3553113553112,1280.5860805860805,430.7692307692307,5.0
점멸주파수변화제동등C,수준3,60,3,-6,-2.758424782743363,61.69911504424779,76.28761061946902,0.12002117676991152,1144.0,3355.0,False,True,55,1.4543398630355149,0.001390927543438505,1.457142857142857,1.452747252747253,0.004395604395604158,0.0,-1.2324656052967868,0.0037903706980108253,-1.226561851269215,-1.2371789124758306,0.010617061206615652,5.0,-0.0002548176461219739,0.0008442609978608443,0.0014652014652014,-0.0014652014652014,0.0029304029304028,3.0,0.1246494657035643,0.09223035985769197,0.3127180253880354,-0.0082971297597043,0.3210151551477397,6.0,1456.25099538143,127.54082333838123,1833.6996336996333,1298.168498168498,535.5311355311353,5.0
점멸주파수변화제동등C,수준3,60,4,-6,-1.5828813460176991,61.716814159292035,75.09734513274336,0.061378475,1215.0,3270.0,False,True,64,1.8631310718267233,0.005150288657217114,1.8703296703296703,1.854212454212454,0.016117216117216282,1.0,-0.5042205776831407,0.004927250265379134,-0.4973907572418845,-0.5128118088317855,0.01542105158990098,8.0,-0.0008281573498964478,0.000864128680761236,0.0,-0.0029304029304024,0.0029304029304024,6.0,0.00019831856279455538,0.10089827738980724,0.097046022678564,-0.2449283961195405,0.34197441879810453,8.0,1390.1258162127726,76.19491699359347,1528.937728937729,1287.9120879120878,241.0256410256411,6.0
면적변화제동등D,수준3,20,1,-2,-1.0546987888495576,87.35398230088495,83.73451327433628,0.0292203542920354,1099.0,3404.0,False,True,74,4.332485168722102,0.01839337749702838,4.367525621881022,4.30115761126214,0.06636801061888153,1.0,-1.3645060941059823,0.012913018242083615,-1.3340359983697685,-1.3842387949331247,0.050202796563356245,7.0,-0.0032487837365886047,0.0033589957752155194,0.005105231586068,-0.010210463172136,0.015315694758203999,7.0,0.016526461711362097,0.0934258223065373,0.2257674862619876,-0.2034512653488872,0.42921875161087475,7.0,1351.082251082251,97.42656749544996,1533.3333333333333,1235.164835164835,298.1684981684982,5.0
면적변화제동등D,수준3,20,2,-2,-1.3045386787610618,87.35840707964601,84.45575221238938,0.034361054247787605,1126.0,3376.0,False,True,83,2.0383182035355953,0.011932900033767499,2.057875457875457,2.0183150183150182,0.03956043956043853,0.0,-1.5586280678589957,0.0015550272929358805,-1.5563017869850675,-1.56150480563956,0.005203018654492464,8.0,-0.0017837235228539215,0.0009835342981045555,0.0,-0.0029304029304029,0.0029304029304029,7.0,0.048348947200977856,0.04316956410339802,0.1267034393355073,-0.0023569926227137,0.12906043195822098,8.0,1465.5836916706482,135.17424179283813,1689.3772893772891,1254.212454212454,435.16483516483504,5.0
면적변화제동등D,수준3,20,3,-2,-1.2241388126946904,87.429203539823,83.47345132743362,0.0421579046017699,1137.0,3348.0,False,True,94,1.324733237776716,0.004707060280761776,1.3313353313353316,1.316239316239316,0.015096015096015547,1.0,-1.0456957136218998,0.001039723147078522,-1.04461875694446,-1.047923144463189,0.0033043875187288574,8.0,-0.0006949572166963218,0.00037450653154550074,0.0,-0.0013320013320017,0.0013320013320017,9.0,0.06558279768879123,0.022721791822302623,0.1077524578942711,0.0268239349079954,0.0809285229862757,9.0,1328.2369804108932,132.83573633774404,1661.5384615384614,1162.6373626373625,498.901098901099,4.0
면적변화제동등D,수준3,20,4,-2,-0.983919659026549,87.42477876106194,85.80530973451327,0.0286578703539823,1129.0,3344.0,False,True,108,1.122998213907305,0.0008872798152972955,1.1253191253191253,1.121767121767122,0.0035520035520033577,0.0,-0.7926565849849425,0.001020795309902146,-0.7911760818055351,-0.7940826111930112,0.0029065293874760423,3.0,-0.00018163654527289088,0.0004032040673803278,0.0004440004440005,-0.0008880008880007,0.0013320013320012,4.0,0.07435019453666808,0.030864601642430118,0.1223002430828,0.020359534271191,0.10194070881160901,6.0,1369.9633699633698,136.7546285686611,1663.003663003663,1199.2673992673992,463.7362637362637,5.0
면적변화제동등D,수준3,20,1,-4,-2.1486075526548674,74.54867256637168,74.00884955752213,0.06357661150442478,1068.0,3438.0,False,True,77,3.817316017316017,0.05104855539424041,3.877655677655678,3.7326007326007327,0.14505494505494543,1.0,-1.340605171157714,0.0890673349393818,-1.2304891978107142,-1.4833276567376497,0.25283845892693546,1.0,-0.004861804861804796,0.007862918894191925,0.0117216117216125,-0.013186813186814,0.0249084249084265,5.0,-0.04371486983242311,0.23032540142515698,0.4413227387197579,-0.2889916995771213,0.7303144382968791,3.0,1360.0399600399599,101.90105563975793,1597.069597069597,1239.5604395604396,357.5091575091574,4.0
면적변화제동등D,수준3,20,2,-4,-2.005155042920354,74.53097345132744,79.04867256637168,0.06603766278761063,1082.0,3415.0,False,True,85,1.7545787545787541,0.006801037581735371,1.7663003663003662,1.7443223443223446,0.021978021978021678,0.0,-1.4750921931074492,0.003944854732405846,-1.4681471337606415,-1.4808214859034816,0.012674352142840073,2.0,-0.0009555661729574261,0.0007135307744434401,0.0,-0.0014652014652016,0.0014652014652016,6.0,0.08128236855130742,0.033675843107398365,0.1264992201004726,0.0568215926443943,0.0696776274560783,6.0,1400.4777830864787,100.37592742929205,1573.6263736263736,1267.3992673992673,306.22710622710633,7.0
면적변화제동등D,수준3,20,3,-4,-2.4102931867256636,74.48672566371681,69.73008849557522,0.08341984318584071,873.0,3607.0,False,True,91,1.4374581939799327,0.002531107318246529,1.4410256410256412,1.432234432234432,0.008791208791209204,2.0,-1.0999527641107083,0.002175654264037537,-1.0975310945108236,-1.1042960253651466,0.006764930854322948,5.0,-0.0003822264691829956,0.0009072415895592145,0.0014652014652014,-0.0014652014652019,0.0029304029304033,2.0,0.09040964293170158,0.05157704690431107,0.1954348665924991,0.0285492894168791,0.16688557717562,6.0,1378.4997611084566,91.46756489570198,1547.985347985348,1263.003663003663,284.981684981685,5.0
면적변화제동등D,수준3,20,4,-4,-1.7744236623893808,74.65044247787611,79.25221238938053,0.06598721238938053,1077.0,3419.0,False,True,105,1.1248944292422558,0.0020279527722617944,1.1293151293151291,1.1222111222111222,0.0071040071040069375,0.0,-0.8471994605754082,0.0011967568838823894,-0.845474702767695,-0.8492327013353256,0.003757998567630594,1.0,-0.00023165240556543475,0.0004802517978587687,0.0004440004440005,-0.000888000888001,0.0013320013320015,6.0,0.074860092935615,0.03536139076764673,0.1246879451335494,0.0264872274177834,0.098200717715766,5.0,1380.6975633062589,113.58804285822085,1631.5018315018317,1216.117216117216,415.3846153846157,5.0
면적변화제동등D,수준3,20,1,-6,-2.5999642977876105,61.64159292035398,68.29646017699115,0.22267637920353983,920.0,3580.0,False,True,76,4.004172638955247,0.0478130400242352,4.078388278388278,3.953846153846154,0.1245421245421241,1.0,-1.3429536384217584,0.13162106501586776,-1.1454027882789792,-1.464713098162383,0.3193103098834038,2.0,0.002420767638158926,0.011251032653013212,0.0263736263736267,-0.0117216117216116,0.0380952380952383,4.0,0.16659627821734294,0.3013637612620128,0.8078218464183067,-0.219320126982338,1.0271419734006446,3.0,1432.1070234113708,115.72828894329193,1638.8278388278386,1281.3186813186812,357.5091575091574,5.0
면적변화제동등D,수준3,20,2,-6,-3.117854697345133,61.65929203539823,65.21238938053098,0.24153970384955753,998.0,3477.0,False,True,88,1.4764568764568766,0.004257049107311152,1.4864468864468865,1.471794871794872,0.0146520146520146,0.0,-1.3397313350126245,0.008961831899869913,-1.3207238245905015,-1.3485696168399128,0.027845792249411305,3.0,0.0003330003330003273,0.0013513648913284142,0.0029304029304029,-0.0014652014652014,0.0043956043956043,5.0,0.14029501250363896,0.06980600126433226,0.274713624784132,0.0472734277117134,0.22744019707241864,8.0,1379.8534798534795,88.97972273000451,1542.124542124542,1268.8644688644688,273.2600732600731,4.0
면적변화제동등D,수준3,20,3,-6,-3.8125083349557527,61.86725663716814,63.89380530973451,0.13575494194690266,935.0,3562.0000000000005,False,True,95,1.2683276319639958,0.0029128243325781127,1.2722832722832724,1.262959262959263,0.009324009324009452,0.0,-1.050010717064164,0.0006237914316092647,-1.0491623713662588,-1.051158242215496,0.0019958708492371358,4.0,-0.0004440004440004091,0.00027404302357572565,0.0,-0.0008880008880012,0.0008880008880012,4.0,0.0795497672717307,0.016965858365226856,0.107053718099149,0.0519565396120834,0.0550971784870656,6.0,1373.5264735264734,76.10364688784671,1547.2527472527472,1277.6556776556777,269.59706959706955,5.0
면적변화제동등D,수준3,20,4,-6,-3.432551614159292,61.756637168141594,65.57522123893806,0.1397188706637168,1152.0,3338.0,False,False,102,1.174062652323522,0.007333594852485891,1.1905871905871908,1.1683871683871685,0.022200022200022262,0.0,-0.8688267447940149,0.007224708741259044,-0.8528850543329011,-0.8739306648078046,0.021045610474903498,4.0,0.0008300877866095261,0.0013996059513225194,0.0031080031080032,-0.000888000888001,0.0039960039960042,4.0,0.1537579016599081,0.09873253941175743,0.3146134715902687,0.032599888102639,0.2820135834876297,6.0,1392.259913999044,77.68263534972601,1521.6117216117216,1277.6556776556777,243.9560439560439,5.0
면적변화제동등D,수준3,40,1,-2,-2.9535192115044246,87.3716814159292,83.2566371681416,0.03743550230088496,1867.9999999999998,2645.0,False,True,80,2.838361638361638,0.023859835428723726,2.873992673992674,2.8021978021978025,0.07179487179487154,0.0,-1.7181691374418782,0.010670203884821245,-1.701688581285263,-1.731211891371646,0.029523310086383203,1.0,-0.003196803196803123,0.001542450859978987,0.0014652014652019,-0.0058608058608058,0.0073260073260077,4.0,0.002943167298009759,0.0561993146858291,0.172546443974308,-0.0943462247321335,0.26689266870644146,3.0,1357.5757575757575,79.75048738215496,1520.14652014652,1257.875457875458,262.27106227106196,5.0
면적변화제동등D,수준3,40,2,-2,-2.152479212389381,87.3716814159292,78.88053097345133,0.016597578451327435,1236.0,3251.0,False,True,90,1.5587513935340014,0.005493105749593715,1.5684981684981687,1.5494505494505493,0.019047619047619424,0.0,-1.1063692933856561,0.0010753512315441742,-1.1042294414587202,-1.1086268208119912,0.004397379353271003,7.0,-0.0008918617614269565,0.0009617237311418952,0.0014652014652012,-0.0029304029304033,0.0043956043956045,7.0,0.06547210054896517,0.05230613501443702,0.1937635965715004,-0.0451935311512654,0.2389571277227658,7.0,1560.3440038222648,235.60120063794122,2043.956043956044,1262.2710622710622,781.6849816849817,6.0
면적변화제동등D,수준3,40,3,-2,-1.0471693048672568,87.39823008849558,77.93805309734513,0.028220862522123896,1450.0,3012.0,False,True,99,1.1833015469379107,0.007200684593061648,1.1968031968031967,1.171939171939172,0.024864024864024614,2.0,-0.966128332779261,0.007485026439411425,-0.9537911464772016,-0.978568720282596,0.02477757380539436,2.0,0.0005852733125460408,0.002550170092412395,0.0079920079920079,-0.0026640026640027,0.0106560106560106,4.0,0.1399063200340849,0.16968483075276597,0.6322960449205366,-0.0765179525665693,0.7088139974871059,4.0,1390.7425907425907,91.93720012280397,1563.3699633699632,1279.120879120879,284.24908424908426,4.0
면적변화제동등D,수준3,40,4,-2,-0.7866386035398232,87.35840707964601,84.62389380530973,0.019668992477876106,2058.0,2447.0,False,True,107,1.075494553755423,0.0009366823548024442,1.077811077811078,1.0742590742590743,0.003552003552003802,1.0,-0.8499506800856353,0.0008274208747236342,-0.8485878131291956,-0.8509729986307022,0.0023851855015065704,4.0,-0.00017373930417406087,0.00029143143367936015,0.0004440004440005,-0.0004440004440007,0.0008880008880012,3.0,0.07729281920210643,0.02203933763642934,0.1240395568645257,0.0566918498176697,0.067347707046856,5.0,1379.327918458353,78.47380240025575,1531.135531135531,1253.479853479853,277.6556776556779,7.0
면적변화제동등D,수준3,40,1,-4,-1.6587278026548675,74.50442477876106,80.1858407079646,0.038993429513274336,1228.0,3289.0,False,True,81,2.6001332001332007,0.021034016026069104,2.624908424908425,2.5619047619047617,0.06300366300366322,0.0,-1.6660434409229943,0.010024735349264482,-1.6509471506977316,-1.682891594203592,0.031944443505860454,2.0,-0.0022644022644022553,0.003188599806011785,0.0043956043956043,-0.0058608058608058,0.0102564102564101,6.0,0.03465220125064393,0.12305259676486402,0.2915674921775053,-0.1043653341338804,0.3959328263113857,6.0,1350.1498501498502,81.10877447988344,1522.3443223443223,1238.095238095238,284.24908424908426,4.0
면적변화제동등D,수준3,40,2,-4,-1.4018859977433629,74.60176991150442,74.6283185840708,0.042627122079646015,1556.0,2935.0,False,True,86,1.6519480519480518,0.006909156031050252,1.6637362637362636,1.6417582417582417,0.0219780219780219,0.0,-1.4233752011134904,0.0023705056206737023,-1.4189212071490835,-1.4264487884152068,0.0075275812661232955,6.0,-0.0010656010656010229,0.0006679008144154337,0.0,-0.0014652014652019,0.0014652014652019,8.0,0.07331839130646713,0.03257155676126595,0.125336862540813,0.0534667243326567,0.0718701382081563,6.0,1509.7569097569094,131.6164500097035,1799.9999999999998,1322.3443223443223,477.65567765567744,6.0
면적변화제동등D,수준3,40,3,-4,-2.1322354889380533,74.66814159292035,79.84513274336283,0.06352204769911504,1396.0,3097.0,False,True,92,1.4257742257742252,0.004841801066934311,1.4366300366300364,1.419047619047619,0.01758241758241752,1.0,-1.057514365081895,0.0017960417911023336,-1.053615422948029,-1.0601374694491803,0.006522046501151291,4.0,-0.0007992007992007727,0.001082122997620491,0.0014652014652014,-0.0029304029304031,0.0043956043956045,3.0,0.0635176484047478,0.06280611998674686,0.1950499109187929,-0.0600310185741103,0.2550809294929032,5.0,1397.6356976356974,108.42442092332493,1640.29304029304,1256.4102564102564,383.88278388278354,6.0
면적변화제동등D,수준3,40,4,-4,-2.3989789995575226,74.53539823008849,72.45575221238938,0.040780625796460176,1366.0,3125.0,False,True,100,1.1588007951644315,0.0017095271392312836,1.1626151626151626,1.1563991563991562,0.006216006216006376,1.0,-0.9304255973000658,0.0014790976163132404,-0.928221061747341,-0.93251034224493,0.004289280497589032,2.0,-0.00024218206036386364,0.000560404125564201,0.000888000888001,-0.000888000888001,0.001776001776002,4.0,0.0818955112041466,0.038364100191331844,0.1593099964620832,0.0374343731557085,0.12187562330637469,5.0,1453.346653346653,113.10075410128698,1684.9816849816848,1257.142857142857,427.8388278388277,6.0
면적변화제동등D,수준3,40,1,-6,-2.8383716743362837,61.902654867256636,73.85398230088495,0.09066028668141592,1159.0,3312.0,False,True,79,3.1331422200987427,0.005558369621105647,3.143589743589744,3.123076923076922,0.020512820512821772,2.0,-1.6883698446693203,0.03110254331862851,-1.649374699334845,-1.7373212802301623,0.08794658089531726,2.0,-0.0005096352922440216,0.002780329528721946,0.0043956043956039,-0.0058608058608058,0.0102564102564097,4.0,0.09755891640872304,0.09574230821954863,0.2661330224949336,-0.0879777015902666,0.35411072408520017,5.0,1361.3632744067527,58.69799018909057,1470.3296703296703,1292.3076923076922,178.02197802197816,5.0
면적변화제동등D,수준3,40,2,-6,-2.9110971101769914,61.77433628318584,69.4424778761062,0.14527705986725664,1086.0,3402.0,False,True,84,1.8951714951714942,0.007639913901866858,1.908424908424908,1.882051282051282,0.026373626373626058,0.0,-1.514618393881611,0.0038931040478927498,-1.508220807329307,-1.5198865886645938,0.011665781335286729,2.0,-0.0012654012654012138,0.0008208434889073765,0.0,-0.0029304029304031,0.0029304029304031,6.0,0.0690167839997168,0.037373271726478585,0.1266398809024536,-0.0073272400075719,0.1339671209100255,6.0,1417.0496170496172,86.1549442820566,1643.2234432234432,1306.9597069597069,336.2637362637363,5.0
면적변화제동등D,수준3,40,3,-6,-4.174899161946903,61.69469026548673,66.46017699115045,0.0924031857079646,1274.0,3244.0,False,True,98,1.1880969272273618,0.0030016386348073604,1.1928071928071928,1.1834831834831834,0.009324009324009452,1.0,-0.9953599947841905,0.00035547118888988594,-0.9948684472188662,-0.9959415104933924,0.0010730632745261648,2.0,-0.00040539170973951305,0.0002648161080544214,0.0,-0.000888000888001,0.000888000888001,3.0,0.07623472584140241,0.017314680753486477,0.1028248330386738,0.0445606891004338,0.058264143938240004,4.0,1402.739289695811,81.13102983578685,1559.7069597069597,1293.040293040293,266.66666666666674,5.0
면적변화제동등D,수준3,40,4,-6,-2.252652511504425,61.57079646017699,77.34513274336283,0.0593259342920354,1254.0,3243.0,False,True,103,1.192305279261801,0.0035953927374750617,1.1994671994671993,1.1870351870351872,0.012432012432012085,0.0,-0.8321779864895701,0.0016794455476936928,-0.8284449560206014,-0.8343524935201347,0.005907537499533322,3.0,-0.0005791310139135782,0.0003120887762878863,0.0,-0.000888000888001,0.000888000888001,6.0,0.051749919823637344,0.02233668293105883,0.0932513898800224,0.0294664637609911,0.0637849261190313,5.0,1378.0538302277432,64.66966814999424,1502.5641025641023,1277.6556776556777,224.90842490842465,5.0
면적변화제동등D,수준3,60,1,-2,-1.2502615460176991,87.3716814159292,87.14601769911505,0.030829536769911504,1718.0,2805.0,False,True,75,4.526921974657167,0.21126574772707177,4.770838917180381,4.220512820512821,0.5503260966675603,0.0,-0.33965756345650516,0.499877685452891,0.2373104691162239,-1.0636862375323346,1.3009967066485584,1.0,0.013936470034030968,0.043709737222779925,0.0835164835164832,-0.0663680106188815,0.1498844941353647,3.0,0.4227789657456891,1.063295591797185,2.1170139094003173,-1.536298955851395,3.6533128652517126,2.0,1374.9583749583749,68.24885490883884,1493.040293040293,1276.190476190476,216.849816849817,5.0
면적변화제동등D,수준3,60,2,-2,-0.46883426951327467,87.41150442477876,91.5575221238938,0.02724372340707965,1479.0,2996.0,False,True,87,1.5466475553432069,0.006199237058120979,1.5567765567765564,1.536263736263736,0.02051282051282044,0.0,-1.3878465765504413,0.0024567618496061346,-1.3841584928338193,-1.3918229938639002,0.0076645010300808725,8.0,-0.000955566172957448,0.0007135307744434563,0.0,-0.0014652014652019,0.0014652014652019,6.0,0.07634551771353566,0.03592496515835959,0.1245465180746143,0.0503456579515807,0.07420086012303359,7.0,1380.82497212932,89.78134055477177,1537.7289377289376,1264.4688644688645,273.2600732600731,5.0
면적변화제동등D,수준3,60,3,-2,1.2349563811061948,87.34955752212389,94.04867256637168,0.027180310707964603,1400.0,3084.0,False,True,93,1.355513173694992,0.003053850395224065,1.361527361527361,1.3513153513153515,0.01021201021200957,0.0,-1.0641811175984275,0.0006851724444635889,-1.0627764607477792,-1.0650342749250354,0.0022578141772562343,3.0,-0.00046418228236404533,0.0003206793081215481,0.0,-0.0013320013320012,0.0013320013320012,6.0,0.08160500337003228,0.018995449125579975,0.1092643965429511,0.030295216123046,0.0789691804199051,7.0,1402.3310023310025,82.81818607766157,1558.241758241758,1292.3076923076922,265.93406593406576,6.0
면적변화제동등D,수준3,60,4,-2,-1.4402853296460179,87.429203539823,87.13274336283186,0.037420307212389384,1948.0,2521.0,False,True,104,1.1568624612102874,0.0027418380003792126,1.1612831612831611,1.152847152847153,0.008436008436008224,1.0,-0.8404130685811136,0.0009801562641243151,-0.8388533046894944,-0.8415952733573582,0.0027419686678638033,6.0,-0.00036678297547860004,0.00028874537237480355,0.0,-0.000888000888001,0.000888000888001,7.0,0.06588853049252959,0.02099142639336358,0.0926177757175864,0.0280217930853811,0.06459598263220531,7.0,1472.5274725274724,185.46364384420997,1777.2893772893772,1235.8974358974358,541.3919413919414,6.0
면적변화제동등D,수준3,60,1,-4,-1.8745924451327431,74.59734513274336,81.65486725663717,0.03801277995575222,1447.0,3020.0,False,True,73,4.762716957838911,0.017519988740589878,4.79636507511072,4.735102296077907,0.06126277903281352,3.0,-0.5605535195110953,0.03779203501801121,-0.4839427587919481,-0.6188397223888661,0.134896963596918,6.0,-0.0027846717742187866,0.00408639472818221,0.005105231586068,-0.010210463172136,0.015315694758203999,6.0,-0.07535407946926392,0.06897748060854597,0.0603436699187294,-0.2004097852158939,0.2607534551346233,6.0,1386.147186147186,72.30739685303723,1517.9487179487178,1282.7838827838827,235.16483516483504,4.0
면적변화제동등D,수준3,60,2,-4,-1.9110421831858406,74.49557522123894,82.84955752212389,0.045095464690265485,1722.0,2777.0,False,True,82,2.166873706004142,0.013571472875660373,2.18974358974359,2.1457875457875457,0.043956043956044244,1.0,-1.6469703021935649,0.0020690350203145073,-1.6429618920648943,-1.6498763214571317,0.006914429392237409,8.0,-0.002038541168975921,0.0007311514715719705,-0.001465201465201,-0.0029304029304033,0.0014652014652022998,5.0,0.04154863337003663,0.030767349241874933,0.0657572004276646,0.0035720275403193,0.0621851728873453,7.0,1385.2524287306896,86.01014663495654,1533.3333333333333,1249.8168498168498,283.5164835164835,4.0
면적변화제동등D,수준3,60,3,-4,-0.05345463451327437,74.5575221238938,79.98230088495575,0.03756941969026548,1278.0,3229.0,False,True,97,1.2332717787263243,0.006409759489672508,1.244311244311244,1.223443223443223,0.020868020868020976,1.0,-0.9952929346832557,0.006020216156648086,-0.9868344033775668,-1.0069137198354408,0.020079316457873975,1.0,0.0006054551509096865,0.00294052587308102,0.0093240093240092,-0.002220002220002,0.0115440115440112,4.0,0.14237792060041785,0.1886309334271753,0.7013498263196142,-0.0390220333132887,0.7403718596329029,4.0,1411.6550116550115,131.4319022735936,1682.7838827838827,1240.29304029304,442.49084249084285,5.0
면적변화제동등D,수준3,60,4,-4,-1.7626799692477877,74.46902654867256,81.1858407079646,0.044329976371681415,1482.0,3008.0,False,True,106,1.103061190017712,0.001731572482313582,1.105783105783106,1.1000111000111,0.005772005772006095,0.0,-0.8462302238719609,0.0002954169714984719,-0.8458180825011156,-0.8467343261025186,0.0009162436014030773,6.0,-0.0002316524055654261,0.00029541473598866533,0.0004440004440007,-0.0008880008880007,0.0013320013320014,5.0,0.07381168317272277,0.022085642968527382,0.1243283470492711,0.0246125172429315,0.09971582980633961,6.0,1383.5961140308966,82.87216600220025,1539.92673992674,1283.5164835164835,256.4102564102566,5.0
면적변화제동등D,수준3,60,1,-6,-2.4762584044247795,61.58849557522124,76.86725663716814,0.07891219862831858,1480.9999999999998,3027.0,False,True,78,3.3943303073737865,0.020457106908845904,3.427838827838828,3.361904761904761,0.06593406593406703,0.0,-1.7230937570440574,0.006021945380962408,-1.709071632174623,-1.7327223385619204,0.02365070638729727,3.0,-0.0029941073419334175,0.0012080956126992802,0.0,-0.0058608058608058,0.0058608058608058,6.0,0.01608811942343002,0.038518703480879636,0.1111147762961607,-0.0749876520635439,0.18610242835970459,6.0,1393.4384456123587,63.380252152948366,1529.6703296703297,1296.7032967032967,232.967032967033,5.0
면적변화제동등D,수준3,60,2,-6,-3.795338052212389,61.77433628318584,72.99557522123894,0.05964759849557523,1160.0,3307.0,False,True,89,1.4329988851727975,0.0036927084659890584,1.4395604395604398,1.4278388278388277,0.011721611721612124,1.0,-1.283070510489909,0.008692666835516043,-1.271513501176103,-1.294901208877711,0.02338770770160803,2.0,0.00019111323459148694,0.0011092286665464008,0.0014652014652019,-0.0014652014652019,0.0029304029304038,4.0,0.13102917006537385,0.05900893600489098,0.1989607073044998,0.0423526497901486,0.1566080575143512,5.0,1433.986303551521,105.68205364456665,1636.6300366300366,1270.3296703296703,366.30036630036625,5.0
면적변화제동등D,수준3,60,3,-6,-3.169436856194691,61.64159292035398,70.28761061946902,0.0270868442920354,1523.0000000000002,3127.0,False,True,96,1.2191769583073933,0.0021070962115958226,1.223443223443223,1.215895215895216,0.007548007548006996,0.0,-1.0474563510030555,0.0010736853860788848,-1.0454314315558677,-1.048695679629713,0.0032642480738453994,3.0,-0.00032817424121769136,0.00033380371253458887,0.0,-0.000888000888001,0.000888000888001,5.0,0.08536994338122679,0.02099918159774421,0.1061509043707254,0.0498583842002397,0.0562925201704857,7.0,1403.6948558687689,72.47749794793393,1550.18315018315,1304.7619047619046,245.42124542124543,5.0
면적변화제동등D,수준3,60,4,-6,-2.4403079151769917,61.92035398230089,73.32300884955752,0.0875627407079646,1408.0,3081.0,False,True,101,1.1959959232686506,0.003925221179527889,1.203019203019203,1.191919191919192,0.01110001110001102,0.0,-0.8751555190832129,0.0046139032142519,-0.8674768954109408,-0.880906502199299,0.01342960678835825,1.0,0.00036327309054578637,0.0008406061883463432,0.002220002220002,-0.0013320013320015,0.0035520035520035,4.0,0.12139874534482359,0.05846973450046386,0.2503954945617616,0.0031493927425457,0.24724610181921589,5.0,1421.978021978022,187.53979146179736,1763.3699633699632,1177.2893772893772,586.080586080586,5.0
