참여자번호,브레이크유형,고감속구간 번호,고감속구간길이,최소거리
1,A기본제동등,1,2.351,9.18805
1,A기본제동등,2,2.927,16.46436
1,A기본제동등,3,2.909,10.25951
1,A기본제동등,4,1.901,19.72391
1,A기본제동등,5,2.393,17.95376
1,A기본제동등,6,2.393,17.64281
1,A기본제동등,7,1.891,16.94216
1,A기본제동등,8,2.866,24.18411
1,B밝기변화제동등,1,2.389,12.33978
1,B밝기변화제동등,2,2.34,23.04647
1,B밝기변화제동등,3,2.425,10.54227
1,B밝기변화제동등,4,2.875,14.15848
1,B밝기변화제동등,5,2.406,21.87878
1,B밝기변화제동등,6,2.9,22.31663
1,B밝기변화제동등,7,1.661,11.86893
1,B밝기변화제동등,8,2.356,17.9466
1,B밝기변화제동등,9,2.828,28.23656
1,B밝기변화제동등,10,2.852,14.20154
1,C점멸주파수변화제동등,1,2.359,11.92714
1,C점멸주파수변화제동등,2,2.322,23.15973
1,C점멸주파수변화제동등,3,0.867,25.80241
1,C점멸주파수변화제동등,4,2.898,28.09858
1,C점멸주파수변화제동등,5,2.381,16.49648
1,C점멸주파수변화제동등,6,2.282,17.61667
1,C점멸주파수변화제동등,7,1.873,15.49637
1,C점멸주파수변화제동등,8,2.559,19.72874
1,D면적변화제동등,1,2.353,13.81226
1,D면적변화제동등,2,2.774,14.76446
1,D면적변화제동등,3,2.057,16.52694
1,D면적변화제동등,4,2.878,26.17368
1,D면적변화제동등,5,1.679,10.85451
1,D면적변화제동등,6,1.585,12.66847
1,D면적변화제동등,7,2.906,26.44468
1,D면적변화제동등,8,1.239,20.6934
1,D면적변화제동등,9,2.337,17.12168
2,A기본제동등,1,2.47,17.61838
2,A기본제동등,2,2.254,24.1836
2,A기본제동등,3,2.881,22.53736
2,A기본제동등,4,2.375,22.92714
2,A기본제동등,5,2.656,23.34601
2,A기본제동등,6,2.395,24.26378
2,A기본제동등,7,2.962,25.01899
2,A기본제동등,8,1.732,21.46286
2,B밝기변화제동등,1,2.867,20.57422
2,B밝기변화제동등,2,0.936,28.39111
2,B밝기변화제동등,3,2.394,20.73561
2,B밝기변화제동등,4,2.399,26.19166
2,B밝기변화제동등,5,1.64,22.78467
2,B밝기변화제동등,6,2.345,26.02383
2,B밝기변화제동등,7,2.384,21.9226
2,B밝기변화제동등,8,2.354,22.04909
2,C점멸주파수변화제동등,1,2.919,21.99021
2,C점멸주파수변화제동등,2,1.773,25.56211
2,C점멸주파수변화제동등,3,2.464,23.23512
2,C점멸주파수변화제동등,4,2.886,21.82628
2,C점멸주파수변화제동등,5,2.851,22.47004
2,C점멸주파수변화제동등,6,2.382,22.25523
2,C점멸주파수변화제동등,7,1.86,17.63317
2,C점멸주파수변화제동등,8,2.885,21.81335
2,D면적변화제동등,1,2.43,37.61493
2,D면적변화제동등,2,1.221,18.41352
2,D면적변화제동등,3,2.795,23.20662
2,D면적변화제동등,4,2.858,15.38206
2,D면적변화제동등,5,2.421,15.96379
2,D면적변화제동등,6,2.381,17.65214
2,D면적변화제동등,7,2.368,17.85073
2,D면적변화제동등,8,1.529,19.27815
2,D면적변화제동등,9,1.841,25.32897
3,A기본제동등,1,2.833,23.41702
3,A기본제동등,2,2.855,22.6741
3,A기본제동등,3,2.544,32.12648
3,A기본제동등,4,2.417,21.54497
3,A기본제동등,5,2.376,20.47496
3,A기본제동등,6,2.538,23.51083
3,A기본제동등,7,2.88,17.30229
3,A기본제동등,8,2.391,15.73292
3,B밝기변화제동등,1,2.361,30.29088
3,B밝기변화제동등,2,1.8,26.27169
3,B밝기변화제동등,3,2.376,22.62063
3,B밝기변화제동등,4,2.862,12.44338
3,B밝기변화제동등,5,2.842,23.99806
3,B밝기변화제동등,6,2.925,22.30518
3,B밝기변화제동등,7,2.418,20.46415
3,B밝기변화제동등,8,1.378,29.88249
3,B밝기변화제동등,9,2.4,25.02904
3,C점멸주파수변화제동등,1,2.795,19.86779
3,C점멸주파수변화제동등,2,2.869,21.74876
3,C점멸주파수변화제동등,3,2.354,18.27068
3,C점멸주파수변화제동등,4,1.486,22.48989
3,C점멸주파수변화제동등,5,2.417,24.21782
3,C점멸주파수변화제동등,6,2.399,24.67364
3,C점멸주파수변화제동등,7,2.395,43.72579
3,C점멸주파수변화제동등,8,2.894,13.74757
3,C점멸주파수변화제동등,9,1.26,23.41797
3,D면적변화제동등,1,2.402,22.23652
3,D면적변화제동등,2,2.144,22.5531
3,D면적변화제동등,3,2.159,19.50711
3,D면적변화제동등,4,2.383,23.84729
3,D면적변화제동등,5,1.555,23.56734
3,D면적변화제동등,6,2.395,23.17502
3,D면적변화제동등,7,2.73,20.17623
3,D면적변화제동등,8,2.76,11.46016
4,A기본제동등,1,2.877,34.67498
4,A기본제동등,2,2.952,17.4618
4,A기본제동등,3,2.393,31.0127
4,A기본제동등,4,2.898,23.74262
4,A기본제동등,5,2.372,33.85391
4,A기본제동등,6,2.891,16.66428
4,A기본제동등,7,2.446,25.70303
4,A기본제동등,8,1.861,19.06515
4,A기본제동등,9,2.376,20.63472
4,A기본제동등,10,2.372,16.64624
4,B밝기변화제동등,1,2.82,19.90537
4,B밝기변화제동등,2,2.901,18.23354
4,B밝기변화제동등,3,2.368,18.85341
4,B밝기변화제동등,4,1.901,26.66066
4,B밝기변화제동등,5,2.862,23.69823
4,B밝기변화제동등,6,2.849,34.91482
4,B밝기변화제동등,7,2.468,31.8965
4,B밝기변화제동등,8,2.428,20.49474
4,B밝기변화제동등,9,2.375,36.23928
4,B밝기변화제동등,10,2.367,39.2878
4,C점멸주파수변화제동등,1,2.454,30.89984
4,C점멸주파수변화제동등,2,2.346,23.7712
4,C점멸주파수변화제동등,3,2.422,17.60887
4,C점멸주파수변화제동등,4,2.352,25.05923
4,C점멸주파수변화제동등,5,2.34,23.17107
4,C점멸주파수변화제동등,6,2.877,22.16389
4,C점멸주파수변화제동등,7,1.948,28.48639
4,C점멸주파수변화제동등,8,2.877,16.85277
4,C점멸주파수변화제동등,9,2.859,31.24581
4,D면적변화제동등,1,2.388,31.48791
4,D면적변화제동등,2,2.77,13.78322
4,D면적변화제동등,3,2.391,30.95465
4,D면적변화제동등,4,1.918,28.02431
4,D면적변화제동등,5,2.87,29.24274
4,D면적변화제동등,6,2.444,29.34928
4,D면적변화제동등,7,2.895,39.55494
4,D면적변화제동등,8,2.442,31.13921
4,D면적변화제동등,9,2.438,12.525
4,D면적변화제동등,10,2.886,20.75447
5,A기본제동등,1,2.891,24.48725
5,A기본제동등,2,2.211,24.1564
5,A기본제동등,3,2.879,17.97632
5,A기본제동등,4,2.866,17.73289
5,A기본제동등,5,2.819,26.66457
5,A기본제동등,6,1.913,20.39179
5,A기본제동등,7,2.337,18.09586
5,A기본제동등,8,2.498,21.26661
5,A기본제동등,9,2.372,41.02576
5,B밝기변화제동등,1,2.943,16.58235
5,B밝기변화제동등,2,2.466,11.56438
5,B밝기변화제동등,3,2.91,15.81311
5,B밝기변화제동등,4,2.27,17.64305
5,B밝기변화제동등,5,2.757,13.33767
5,B밝기변화제동등,6,2.419,20.80139
5,B밝기변화제동등,7,2.455,21.0223
5,B밝기변화제동등,8,2.879,20.03349
5,B밝기변화제동등,9,2.371,20.57674
5,C점멸주파수변화제동등,1,2.426,31.68552
5,C점멸주파수변화제동등,2,2.878,26.26327
5,C점멸주파수변화제동등,3,2.373,15.14329
5,C점멸주파수변화제동등,4,2.354,20.74941
5,C점멸주파수변화제동등,5,2.895,17.62428
5,C점멸주파수변화제동등,6,2.39,36.34591
5,C점멸주파수변화제동등,7,2.849,25.05928
5,C점멸주파수변화제동등,8,1.949,22.43145
5,D면적변화제동등,1,2.898,14.55112
5,D면적변화제동등,2,2.387,16.7628
5,D면적변화제동등,3,2.972,26.78955
5,D면적변화제동등,4,1.794,16.49858
5,D면적변화제동등,5,2.452,14.60255
5,D면적변화제동등,6,2.374,15.52133
5,D면적변화제동등,7,2.399,9.90437
5,D면적변화제동등,8,2.432,15.86442
5,D면적변화제동등,9,2.831,12.03245
6,A기본제동등,1,2.269,26.14657
6,A기본제동등,2,1.928,20.42455
6,A기본제동등,3,2.516,18.43793
6,A기본제동등,4,2.772,21.93525
6,A기본제동등,5,2.885,21.33121
6,A기본제동등,6,2.619,14.47069
6,A기본제동등,7,2.364,26.04205
6,A기본제동등,8,2.835,11.07866
6,A기본제동등,9,2.914,19.45282
6,B밝기변화제동등,1,2.933,20.75475
6,B밝기변화제동등,2,2.881,15.26107
6,B밝기변화제동등,3,2.882,24.34047
6,B밝기변화제동등,4,2.493,29.94547
6,B밝기변화제동등,5,1.913,26.47295
6,B밝기변화제동등,6,2.387,31.4077
6,B밝기변화제동등,7,2.974,31.70432
6,B밝기변화제동등,8,2.35,20.67798
6,B밝기변화제동등,9,2.384,21.37718
6,C점멸주파수변화제동등,1,2.373,21.64605
6,C점멸주파수변화제동등,2,2.886,20.1303
6,C점멸주파수변화제동등,3,2.917,23.27808
6,C점멸주파수변화제동등,4,2.48,31.55013
6,C점멸주파수변화제동등,5,1.95,20.38356
6,C점멸주파수변화제동등,6,2.839,35.92932
6,C점멸주파수변화제동등,7,2.387,19.6619
6,C점멸주파수변화제동등,8,2.298,26.37484
6,C점멸주파수변화제동등,9,2.486,22.29717
6,D면적변화제동등,1,2.43,26.50987
6,D면적변화제동등,2,2.867,20.59334
6,D면적변화제동등,3,2.359,26.16705
6,D면적변화제동등,4,2.356,20.43523
6,D면적변화제동등,5,1.93,31.13246
6,D면적변화제동등,6,2.839,27.70168
6,D면적변화제동등,7,2.953,22.75636
6,D면적변화제동등,8,2.363,32.5219
6,D면적변화제동등,9,2.494,42.44092
7,A기본제동등,1,2.324,14.37121
7,A기본제동등,2,2.445,24.45642
7,A기본제동등,3,2.733,20.10585
7,A기본제동등,4,2.354,10.52361
7,A기본제동등,5,2.35,16.24045
7,A기본제동등,6,2.851,22.80099
7,A기본제동등,7,2.454,45.03904
7,A기본제동등,8,2.847,21.09256
7,A기본제동등,9,2.875,14.22791
7,B밝기변화제동등,1,2.812,15.0844
7,B밝기변화제동등,2,2.478,28.46288
7,B밝기변화제동등,3,2.46,39.50736
7,B밝기변화제동등,4,2.389,18.31571
7,B밝기변화제동등,5,1.998,21.76624
7,B밝기변화제동등,6,2.354,17.79784
7,B밝기변화제동등,7,2.812,16.384
7,B밝기변화제동등,8,2.35,16.38865
7,C점멸주파수변화제동등,1,2.987,26.47685
7,C점멸주파수변화제동등,2,2.365,14.92011
7,C점멸주파수변화제동등,3,2.979,25.50821
7,C점멸주파수변화제동등,4,2.83,12.45414
7,C점멸주파수변화제동등,5,2.361,17.51597
7,C점멸주파수변화제동등,6,1.943,19.02449
7,C점멸주파수변화제동등,7,2.332,21.43424
7,C점멸주파수변화제동등,8,2.489,41.24947
7,D면적변화제동등,1,1.903,26.30496
7,D면적변화제동등,2,2.193,19.04506
7,D면적변화제동등,3,2.899,19.20617
7,D면적변화제동등,4,2.436,22.71541
7,D면적변화제동등,5,3.002,26.09572
7,D면적변화제동등,6,2.385,18.97606
7,D면적변화제동등,7,2.942,47.16594
7,D면적변화제동등,8,2.456,36.12563
8,A기본제동등,1,2.165,21.23018
8,A기본제동등,2,2.829,21.88016
8,A기본제동등,3,2.953,22.82244
8,A기본제동등,4,2.317,19.79518
8,A기본제동등,5,2.462,19.70562
8,A기본제동등,6,2.26,23.95029
8,A기본제동등,7,2.864,17.43628
8,A기본제동등,8,1.931,23.32702
8,B밝기변화제동등,1,2.366,27.55096
8,B밝기변화제동등,2,2.285,23.32357
8,B밝기변화제동등,3,2.407,18.85916
8,B밝기변화제동등,4,2.467,30.07093
8,B밝기변화제동등,5,2.779,18.61033
8,B밝기변화제동등,6,2.793,17.9313
8,B밝기변화제동등,7,2.902,16.56089
8,B밝기변화제동등,8,1.928,37.49954
8,B밝기변화제동등,9,2.369,22.67765
8,C점멸주파수변화제동등,1,2.964,29.58771
8,C점멸주파수변화제동등,2,2.969,20.03923
8,C점멸주파수변화제동등,3,2.373,21.50709
8,C점멸주파수변화제동등,4,2.931,16.79371
8,C점멸주파수변화제동등,5,2.409,26.26666
8,C점멸주파수변화제동등,6,2.385,22.20175
8,C점멸주파수변화제동등,7,2.417,17.22985
8,C점멸주파수변화제동등,8,1.959,36.66462
8,C점멸주파수변화제동등,9,2.389,15.47626
8,D면적변화제동등,1,2.816,25.96823
8,D면적변화제동등,2,2.858,23.75919
8,D면적변화제동등,3,1.761,31.01192
8,D면적변화제동등,4,2.858,15.16372
8,D면적변화제동등,5,2.186,31.36626
8,D면적변화제동등,6,2.407,24.771
8,D면적변화제동등,7,2.362,21.63724
8,D면적변화제동등,8,2.962,22.25934
8,D면적변화제동등,9,2.385,22.70325
8,D면적변화제동등,10,2.455,19.30427
9,A기본제동등,1,2.86,26.14495
9,A기본제동등,2,2.368,23.46075
9,A기본제동등,3,2.476,26.29753
9,A기본제동등,4,2.416,31.22948
9,A기본제동등,5,1.935,21.43684
9,A기본제동등,6,2.132,30.75091
9,A기본제동등,7,2.965,16.22339
9,A기본제동등,8,2.457,27.87383
9,A기본제동등,9,2.893,23.82199
9,A기본제동등,10,2.887,11.12896
9,B밝기변화제동등,1,2.323,22.12781
9,B밝기변화제동등,2,2.768,13.43636
9,B밝기변화제동등,3,2.982,28.2168
9,B밝기변화제동등,4,2.455,22.19007
9,B밝기변화제동등,5,2.957,34.03111
9,B밝기변화제동등,6,2.896,16.98776
9,B밝기변화제동등,7,2.421,23.03134
9,B밝기변화제동등,8,2.53,26.80019
9,B밝기변화제동등,9,1.849,22.32402
9,C점멸주파수변화제동등,1,2.298,20.35037
9,C점멸주파수변화제동등,2,1.984,33.53687
9,C점멸주파수변화제동등,3,2.875,19.86273
9,C점멸주파수변화제동등,4,2.902,24.16512
9,C점멸주파수변화제동등,5,2.955,33.82455
9,C점멸주파수변화제동등,6,2.951,32.50964
9,C점멸주파수변화제동등,7,2.403,24.73976
9,C점멸주파수변화제동등,8,2.358,17.17264
9,C점멸주파수변화제동등,9,2.418,27.17953
9,C점멸주파수변화제동등,10,2.376,23.4325
9,D면적변화제동등,1,2.423,23.39623
9,D면적변화제동등,2,2.852,21.55717
9,D면적변화제동등,3,4.047,31.08969
9,D면적변화제동등,4,2.357,24.31976
9,D면적변화제동등,5,1.908,40.28625
9,D면적변화제동등,6,2.941,17.96803
9,D면적변화제동등,7,2.862,24.26178
9,D면적변화제동등,8,2.376,25.4718
9,D면적변화제동등,9,2.435,21.68111
9,D면적변화제동등,10,2.418,18.06917
10,A기본제동등,1,2.898,23.21421
10,A기본제동등,2,2.396,8.91422
10,A기본제동등,3,2.431,34.83463
10,A기본제동등,4,2.858,17.95184
10,A기본제동등,5,2.239,9.02105
10,A기본제동등,6,1.851,13.85716
10,A기본제동등,7,2.923,9.97755
10,A기본제동등,8,2.911,7.99581
10,B밝기변화제동등,1,2.866,26.97214
10,B밝기변화제동등,2,1.818,27.81768
10,B밝기변화제동등,3,2.341,11.3272
10,B밝기변화제동등,4,2.891,19.95864
10,B밝기변화제동등,5,2.381,13.01721
10,B밝기변화제동등,6,2.913,14.32609
10,B밝기변화제동등,7,2.493,23.1813
10,B밝기변화제동등,8,2.873,8.05542
10,B밝기변화제동등,9,2.378,10.25534
10,C점멸주파수변화제동등,1,2.878,17.81861
10,C점멸주파수변화제동등,2,2.463,34.49532
10,C점멸주파수변화제동등,3,2.369,8.37063
10,C점멸주파수변화제동등,4,2.885,16.50144
10,C점멸주파수변화제동등,5,2.905,10.77347
10,C점멸주파수변화제동등,6,1.942,11.91469
10,C점멸주파수변화제동등,7,2.391,10.12484
10,D면적변화제동등,1,2.389,16.07965
10,D면적변화제동등,2,2.811,14.47869
10,D면적변화제동등,3,2.506,31.61762
10,D면적변화제동등,4,2.229,16.97502
10,D면적변화제동등,5,2.889,18.725
10,D면적변화제동등,6,1.541,17.35582
10,D면적변화제동등,7,1.933,21.61311
10,D면적변화제동등,8,2.304,11.52934
11,A기본제동등,1,2.863,9.26737
11,A기본제동등,2,2.389,10.63971
11,A기본제동등,3,2.611,17.02521
11,A기본제동등,4,2.317,12.78646
11,A기본제동등,5,2.431,14.90149
11,A기본제동등,6,1.791,27.83071
11,A기본제동등,7,2.461,10.36821
11,A기본제동등,8,2.383,11.58531
11,B밝기변화제동등,1,2.902,18.93937
11,B밝기변화제동등,2,2.432,34.97778
11,B밝기변화제동등,3,2.345,14.70703
11,B밝기변화제동등,4,2.898,11.80984
11,B밝기변화제동등,5,2.327,17.48284
11,B밝기변화제동등,6,1.839,17.39864
11,B밝기변화제동등,7,2.969,19.6489
11,B밝기변화제동등,8,2.852,16.0713
11,C점멸주파수변화제동등,1,2.437,31.61144
11,C점멸주파수변화제동등,2,2.398,22.30014
11,C점멸주파수변화제동등,3,2.398,20.48228
11,C점멸주파수변화제동등,4,2.337,19.79999
11,C점멸주파수변화제동등,5,2.622,21.20902
11,C점멸주파수변화제동등,6,2.857,19.21665
11,C점멸주파수변화제동등,7,2.901,19.53407
11,C점멸주파수변화제동등,8,2.514,31.84783
11,C점멸주파수변화제동등,9,1.656,23.3329
11,D면적변화제동등,1,2.383,10.51164
11,D면적변화제동등,2,2.661,16.17739
11,D면적변화제동등,3,1.815,16.68841
11,D면적변화제동등,4,2.891,9.28095
11,D면적변화제동등,5,2.255,11.09167
11,D면적변화제동등,6,2.397,25.5716
11,D면적변화제동등,7,2.894,13.666
11,D면적변화제동등,8,2.875,12.21262
12,A기본제동등,1,2.869,23.14132
12,A기본제동등,2,2.824,19.86767
12,A기본제동등,3,2.899,16.61469
12,A기본제동등,4,2.373,15.73527
12,A기본제동등,5,2.383,20.57937
12,A기본제동등,6,2.907,39.97832
12,A기본제동등,7,2.425,21.11195
12,A기본제동등,8,2.344,17.67577
12,A기본제동등,9,1.759,23.98113
12,A기본제동등,10,2.368,32.545
12,B밝기변화제동등,1,2.408,23.34068
12,B밝기변화제동등,2,2.323,22.15734
12,B밝기변화제동등,3,2.867,35.4789
12,B밝기변화제동등,4,2.959,17.07214
12,B밝기변화제동등,5,2.394,21.49479
12,B밝기변화제동등,6,2.903,25.54042
12,B밝기변화제동등,7,1.826,17.46392
12,B밝기변화제동등,8,2.399,26.34
12,B밝기변화제동등,9,2.053,20.57974
12,C점멸주파수변화제동등,1,2.887,26.05616
12,C점멸주파수변화제동등,2,2.746,23.14667
12,C점멸주파수변화제동등,3,1.745,21.73594
12,C점멸주파수변화제동등,4,2.381,25.45169
12,C점멸주파수변화제동등,5,2.341,48.08904
12,C점멸주파수변화제동등,6,2.376,17.55356
12,C점멸주파수변화제동등,7,2.481,27.47955
12,C점멸주파수변화제동등,8,2.879,23.46283
12,C점멸주파수변화제동등,9,2.875,26.28505
12,D면적변화제동등,1,2.896,26.87377
12,D면적변화제동등,2,2.362,20.50774
12,D면적변화제동등,3,2.319,23.48038
12,D면적변화제동등,4,2.886,18.98851
12,D면적변화제동등,5,1.884,32.76217
12,D면적변화제동등,6,2.412,23.28984
12,D면적변화제동등,7,2.363,16.70903
12,D면적변화제동등,8,2.892,17.32404
12,D면적변화제동등,9,2.169,22.35321
13,A기본제동등,1,2.343,25.48375
13,A기본제동등,2,2.845,18.47462
13,A기본제동등,3,2.401,20.78551
13,A기본제동등,4,2.872,28.09867
13,A기본제동등,5,1.952,34.04472
13,A기본제동등,6,2.73,32.47765
13,B밝기변화제동등,1,2.358,20.27819
13,B밝기변화제동등,2,1.952,33.80264
13,B밝기변화제동등,3,2.941,12.89496
13,B밝기변화제동등,4,2.894,31.78399
13,B밝기변화제동등,5,2.475,48.91386
13,B밝기변화제동등,6,2.378,19.58428
13,B밝기변화제동등,7,2.87,15.38541
13,B밝기변화제동등,8,2.459,24.57032
13,C점멸주파수변화제동등,1,2.429,36.49538
13,C점멸주파수변화제동등,2,2.902,18.56802
13,C점멸주파수변화제동등,3,2.898,22.81423
13,C점멸주파수변화제동등,4,2.418,20.02079
13,C점멸주파수변화제동등,5,2.636,20.83498
13,C점멸주파수변화제동등,6,2.346,16.51493
13,C점멸주파수변화제동등,7,1.778,17.64219
13,C점멸주파수변화제동등,8,2.272,17.9582
13,D면적변화제동등,1,2.899,21.10998
13,D면적변화제동등,2,2.386,16.66298
13,D면적변화제동등,3,2.909,18.5625
13,D면적변화제동등,4,2.442,22.69519
13,D면적변화제동등,5,1.879,22.8119
13,D면적변화제동등,6,2.338,14.37871
13,D면적변화제동등,7,2.889,24.52083
13,D면적변화제동등,8,2.479,36.03613
13,D면적변화제동등,9,2.373,9.38129
14,A기본제동등,1,2.356,10.42234
14,A기본제동등,2,1.807,13.96474
14,A기본제동등,3,2.384,10.89572
14,A기본제동등,4,2.467,14.83113
14,A기본제동등,5,2.385,9.65525
14,A기본제동등,6,2.99,18.79741
14,A기본제동등,7,2.896,4.33694
14,A기본제동등,8,1.914,17.39324
14,B밝기변화제동등,1,2.948,7.65718
14,B밝기변화제동등,2,2.435,9.68224
14,B밝기변화제동등,3,2.958,9.10273
14,B밝기변화제동등,4,2.539,9.92793
14,B밝기변화제동등,5,1.982,13.06421
14,B밝기변화제동등,6,2.424,20.64045
14,B밝기변화제동등,7,2.964,7.89688
14,B밝기변화제동등,8,1.622,4.33929
14,B밝기변화제동등,9,2.851,14.20309
14,C점멸주파수변화제동등,1,2.42,11.94765
14,C점멸주파수변화제동등,2,2.595,10.97639
14,C점멸주파수변화제동등,3,2.82,12.23779
14,C점멸주파수변화제동등,4,1.542,22.89534
14,C점멸주파수변화제동등,5,2.385,11.53921
14,C점멸주파수변화제동등,6,3.066,12.53508
14,C점멸주파수변화제동등,7,2.391,16.50894
14,C점멸주파수변화제동등,8,2.446,38.04997
14,C점멸주파수변화제동등,9,2.384,11.67321
14,D면적변화제동등,1,2.349,11.56697
14,D면적변화제동등,2,2.376,11.77968
14,D면적변화제동등,3,2.899,12.55316
14,D면적변화제동등,4,2.974,10.76764
14,D면적변화제동등,5,2.534,14.27139
14,D면적변화제동등,6,2.369,24.96284
14,D면적변화제동등,7,1.82,16.90314
14,D면적변화제동등,8,2.002,16.66672
15,A기본제동등,1,2.393,19.67736
15,A기본제동등,2,2.397,12.20465
15,A기본제동등,3,2.892,15.73424
15,A기본제동등,4,2.39,25.40261
15,A기본제동등,5,2.361,20.97821
15,A기본제동등,6,2.889,27.22362
15,A기본제동등,7,2.262,23.76784
15,A기본제동등,8,2.909,14.65637
15,A기본제동등,9,2.837,24.75849
15,B밝기변화제동등,1,1.775,32.8361
15,B밝기변화제동등,2,2.864,19.74167
15,B밝기변화제동등,3,2.464,23.65868
15,B밝기변화제동등,4,2.908,26.82656
15,B밝기변화제동등,5,2.784,15.84784
15,B밝기변화제동등,6,2.329,25.09134
15,B밝기변화제동등,7,2.362,26.77595
15,B밝기변화제동등,8,2.378,21.13327
15,B밝기변화제동등,9,2.29,15.54002
15,C점멸주파수변화제동등,1,2.87,21.71511
15,C점멸주파수변화제동등,2,2.843,25.43021
15,C점멸주파수변화제동등,3,2.98,35.71753
15,C점멸주파수변화제동등,4,2.43,19.47468
15,C점멸주파수변화제동등,5,2.329,22.65705
15,C점멸주파수변화제동등,6,2.321,28.4395
15,C점멸주파수변화제동등,7,1.895,27.3897
15,C점멸주파수변화제동등,8,2.379,33.732
15,C점멸주파수변화제동등,9,3.02,20.79254
15,D면적변화제동등,1,2.44,28.27657
15,D면적변화제동등,2,2.367,29.18312
15,D면적변화제동등,3,2.839,22.24508
15,D면적변화제동등,4,2.837,22.09063
15,D면적변화제동등,5,2.9,18.53852
15,D면적변화제동등,6,2.368,27.30346
15,D면적변화제동등,7,2.458,28.39381
15,D면적변화제동등,8,1.716,25.953
16,A기본제동등,1,2.356,10.72145
16,A기본제동등,2,1.778,16.07255
16,A기본제동등,3,2.877,22.22867
16,A기본제동등,4,2.349,16.64172
16,A기본제동등,5,2.326,9.92415
16,A기본제동등,6,2.87,8.53285
16,A기본제동등,7,2.396,17.32121
16,A기본제동등,8,2.872,19.16217
16,A기본제동등,9,2.443,9.07427
16,B밝기변화제동등,1,2.867,24.01158
16,B밝기변화제동등,2,2.382,23.56899
16,B밝기변화제동등,3,2.389,13.96262
16,B밝기변화제동등,4,2.931,28.60929
16,B밝기변화제동등,5,2.398,47.45402
16,B밝기변화제동등,6,2.452,21.35015
16,B밝기변화제동등,7,2.427,51.41015
16,B밝기변화제동등,8,1.799,25.52455
16,B밝기변화제동등,9,2.368,16.43473
16,B밝기변화제동등,10,2.884,23.93181
16,C점멸주파수변화제동등,1,2.36,18.58703
16,C점멸주파수변화제동등,2,2.881,32.22329
16,C점멸주파수변화제동등,3,2.824,25.52322
16,C점멸주파수변화제동등,4,2.947,15.4272
16,C점멸주파수변화제동등,5,2.408,16.26711
16,C점멸주파수변화제동등,6,2.329,28.04767
16,C점멸주파수변화제동등,7,2.919,15.3712
16,C점멸주파수변화제동등,8,1.867,23.42002
16,C점멸주파수변화제동등,9,2.389,30.89862
16,D면적변화제동등,1,2.89,31.56978
16,D면적변화제동등,2,2.443,19.06667
16,D면적변화제동등,3,2.908,20.39762
16,D면적변화제동등,4,2.387,24.45866
16,D면적변화제동등,5,1.732,20.43951
16,D면적변화제동등,6,2.596,17.35127
16,D면적변화제동등,7,2.399,11.34542
16,D면적변화제동등,8,2.888,13.38836
17,A기본제동등,1,2.907,20.83912
17,A기본제동등,2,2.363,38.78497
17,A기본제동등,3,2.39,21.11479
17,A기본제동등,4,2.419,27.51324
17,A기본제동등,5,2.37,34.97785
17,A기본제동등,6,2.898,33.10373
17,A기본제동등,7,2.876,23.15011
17,A기본제동등,8,2.856,29.73942
17,A기본제동등,9,2.394,28.23705
17,A기본제동등,10,1.871,23.53126
17,B밝기변화제동등,1,2.375,22.40808
17,B밝기변화제동등,2,2.11,32.45617
17,B밝기변화제동등,3,2.791,26.43627
17,B밝기변화제동등,4,3.012,29.37994
17,B밝기변화제동등,5,1.872,27.70672
17,B밝기변화제동등,6,2.824,21.16286
17,B밝기변화제동등,7,2.367,30.21901
17,B밝기변화제동등,8,2.36,31.2797
17,B밝기변화제동등,9,4.088,37.129
17,B밝기변화제동등,10,2.422,19.73829
17,C점멸주파수변화제동등,1,2.386,30.01976
17,C점멸주파수변화제동등,2,2.88,35.97979
17,C점멸주파수변화제동등,3,2.415,21.08794
17,C점멸주파수변화제동등,4,2.878,41.14747
17,C점멸주파수변화제동등,5,1.912,40.8794
17,C점멸주파수변화제동등,6,2.88,22.12638
17,C점멸주파수변화제동등,7,2.387,33.25771
17,C점멸주파수변화제동등,8,2.414,36.85051
17,C점멸주파수변화제동등,9,2.95,20.27461
17,C점멸주파수변화제동등,10,2.373,41.11754
17,D면적변화제동등,1,2.356,16.6629
17,D면적변화제동등,2,2.873,25.44293
17,D면적변화제동등,3,2.362,35.13472
17,D면적변화제동등,4,2.879,33.26571
17,D면적변화제동등,5,1.833,28.5109
17,D면적변화제동등,6,3.032,18.16487
17,D면적변화제동등,7,2.87,28.50988
17,D면적변화제동등,8,2.395,32.32563
17,D면적변화제동등,9,2.441,12.80333
17,D면적변화제동등,10,2.427,23.31779
18,A기본제동등,1,2.849,30.86698
18,A기본제동등,2,2.898,14.27553
18,A기본제동등,3,2.428,30.42406
18,A기본제동등,4,2.218,31.41332
18,A기본제동등,5,2.364,39.12485
18,A기본제동등,6,2.878,17.86036
18,A기본제동등,7,2.915,18.98459
18,A기본제동등,8,2.434,21.60259
18,A기본제동등,9,2.348,29.79405
18,A기본제동등,10,1.926,25.13036
18,B밝기변화제동등,1,4.233,25.45473
18,B밝기변화제동등,2,2.883,19.21679
18,B밝기변화제동등,3,2.707,18.33772
18,B밝기변화제동등,4,2.886,26.30251
18,B밝기변화제동등,5,1.846,28.1141
18,B밝기변화제동등,6,2.357,30.47022
18,B밝기변화제동등,7,2.378,23.5293
18,B밝기변화제동등,8,2.44,29.83041
18,B밝기변화제동등,9,2.303,28.307
18,B밝기변화제동등,10,2.391,25.84941
18,C점멸주파수변화제동등,1,1.851,27.38659
18,C점멸주파수변화제동등,2,2.43,31.38454
18,C점멸주파수변화제동등,3,2.416,15.09855
18,C점멸주파수변화제동등,4,2.907,15.64942
18,C점멸주파수변화제동등,5,2.905,10.32411
18,C점멸주파수변화제동등,6,2.896,26.61647
18,C점멸주파수변화제동등,7,2.12,21.72142
18,C점멸주파수변화제동등,8,2.369,28.23803
18,C점멸주파수변화제동등,9,2.472,34.19949
18,C점멸주파수변화제동등,10,2.874,26.2687
18,D면적변화제동등,1,2.32,28.84797
18,D면적변화제동등,2,2.362,31.50195
18,D면적변화제동등,3,2.371,24.83115
18,D면적변화제동등,4,2.013,34.07798
18,D면적변화제동등,5,2.917,19.10967
18,D면적변화제동등,6,2.88,32.40395
18,D면적변화제동등,7,2.866,24.1834
18,D면적변화제동등,8,2.455,37.47267
18,D면적변화제동등,9,2.024,27.02618
18,D면적변화제동등,10,2.89,14.16892
19,A기본제동등,1,2.387,26.25951
19,A기본제동등,2,2.701,17.29512
19,A기본제동등,3,2.893,16.6722
19,A기본제동등,4,2.02,24.54897
19,A기본제동등,5,2.951,30.09927
19,A기본제동등,6,2.453,21.84962
19,A기본제동등,7,2.864,15.42496
19,A기본제동등,8,2.411,14.37501
19,A기본제동등,9,2.255,37.19411
19,A기본제동등,10,2.364,36.22177
19,B밝기변화제동등,1,2.882,27.28218
19,B밝기변화제동등,2,2.385,18.30735
19,B밝기변화제동등,3,2.39,26.17436
19,B밝기변화제동등,4,2.845,22.4046
19,B밝기변화제동등,5,2.373,38.49341
19,B밝기변화제동등,6,2.353,27.3917
19,B밝기변화제동등,7,1.935,23.67688
19,B밝기변화제동등,8,2.883,25.75059
19,B밝기변화제동등,9,2.394,33.52581
19,B밝기변화제동등,10,2.913,18.59175
19,C점멸주파수변화제동등,1,2.349,27.84622
19,C점멸주파수변화제동등,2,2.365,25.3262
19,C점멸주파수변화제동등,3,2.43,21.9828
19,C점멸주파수변화제동등,4,2.427,29.16701
19,C점멸주파수변화제동등,5,2.761,20.9197
19,C점멸주파수변화제동등,6,1.894,18.51323
19,C점멸주파수변화제동등,7,2.445,24.87667
19,C점멸주파수변화제동등,8,2.893,16.05542
19,C점멸주파수변화제동등,9,2.859,30.39585
19,D면적변화제동등,1,2.34,23.87542
19,D면적변화제동등,2,2.864,21.77588
19,D면적변화제동등,3,2.853,17.98764
19,D면적변화제동등,4,2.351,28.2902
19,D면적변화제동등,5,2.967,23.83154
19,D면적변화제동등,6,1.874,35.05058
19,D면적변화제동등,7,2.886,34.14805
19,D면적변화제동등,8,2.381,35.21861
19,D면적변화제동등,9,2.394,14.31997
19,D면적변화제동등,10,2.42,28.99489
20,A기본제동등,1,2.928,15.02159
20,A기본제동등,2,2.455,34.48135
20,A기본제동등,3,2.394,12.59784
20,A기본제동등,4,2.801,10.34984
20,A기본제동등,5,2.853,13.87212
20,A기본제동등,6,2.396,11.37368
20,A기본제동등,7,2.393,22.53501
20,A기본제동등,8,2.884,19.36617
20,A기본제동등,9,2.364,11.7664
20,B밝기변화제동등,1,2.897,14.52554
20,B밝기변화제동등,2,2.332,14.4438
20,B밝기변화제동등,3,1.866,24.28742
20,B밝기변화제동등,4,2.365,17.83186
20,B밝기변화제동등,5,2.953,9.47171
20,B밝기변화제동등,6,1.932,24.94768
20,B밝기변화제동등,7,2.433,34.00327
20,B밝기변화제동등,8,2.776,21.37287
20,C점멸주파수변화제동등,1,2.37,20.75641
20,C점멸주파수변화제동등,2,1.928,21.11584
20,C점멸주파수변화제동등,3,2.856,13.31507
20,C점멸주파수변화제동등,4,2.786,15.46323
20,C점멸주파수변화제동등,5,2.361,15.48053
20,C점멸주파수변화제동등,6,2.417,18.80528
20,C점멸주파수변화제동등,7,2.404,20.14454
20,C점멸주파수변화제동등,8,1.27,26.55862
20,D면적변화제동등,1,2.333,16.81222
20,D면적변화제동등,2,2.799,19.17966
20,D면적변화제동등,3,2.889,16.61077
20,D면적변화제동등,4,2.727,9.9446
20,D면적변화제동등,5,1.786,31.97689
20,D면적변화제동등,6,2.361,23.33413
20,D면적변화제동등,7,2.477,29.62029
20,D면적변화제동등,8,2.864,11.88775
20,D면적변화제동등,9,2.832,23.3427
21,A기본제동등,1,2.424,24.84382
21,A기본제동등,2,2.871,27.75738
21,A기본제동등,3,2.393,27.66374
21,A기본제동등,4,2.898,26.12229
21,A기본제동등,5,2.385,27.86443
21,A기본제동등,6,1.891,26.02769
21,A기본제동등,7,2.813,14.98005
21,A기본제동등,8,1.224,22.21472
21,A기본제동등,9,2.349,29.25802
21,A기본제동등,10,2.443,23.02491
21,B밝기변화제동등,1,2.342,22.42561
21,B밝기변화제동등,2,2.992,14.36826
21,B밝기변화제동등,3,2.366,27.71404
21,B밝기변화제동등,4,1.874,24.78066
21,B밝기변화제동등,5,2.393,21.27051
21,B밝기변화제동등,6,2.754,19.80569
21,B밝기변화제동등,7,2.844,27.14134
21,B밝기변화제동등,8,2.442,25.78085
21,B밝기변화제동등,9,2.358,29.08766
21,C점멸주파수변화제동등,1,2.378,17.94933
21,C점멸주파수변화제동등,2,2.971,21.56951
21,C점멸주파수변화제동등,3,2.985,22.90124
21,C점멸주파수변화제동등,4,2.413,20.1412
21,C점멸주파수변화제동등,5,1.922,24.19374
21,C점멸주파수변화제동등,6,2.456,30.50272
21,C점멸주파수변화제동등,7,2.882,28.38452
21,C점멸주파수변화제동등,8,2.428,23.10122
21,C점멸주파수변화제동등,9,2.877,31.96345
21,C점멸주파수변화제동등,10,2.367,20.62788
21,D면적변화제동등,1,2.408,23.0589
21,D면적변화제동등,2,2.35,24.82292
21,D면적변화제동등,3,2.885,22.88921
21,D면적변화제동등,4,2.377,26.39982
21,D면적변화제동등,5,2.842,26.1137
21,D면적변화제동등,6,2.39,23.79664
21,D면적변화제동등,7,2.44,27.29923
21,D면적변화제동등,8,2.883,21.58547
21,D면적변화제동등,9,1.56,27.45942
22,A기본제동등,1,2.222,19.96714
22,A기본제동등,2,2.905,19.13759
22,A기본제동등,3,2.394,23.44549
22,A기본제동등,4,1.873,16.15639
22,A기본제동등,5,2.374,20.34043
22,A기본제동등,6,2.372,26.23307
22,A기본제동등,7,2.905,30.07492
22,A기본제동등,8,3.009,29.83044
22,A기본제동등,9,2.613,29.84289
22,B밝기변화제동등,1,2.024,35.48249
22,B밝기변화제동등,2,2.799,29.14281
22,B밝기변화제동등,3,2.888,24.54993
22,B밝기변화제동등,4,2.399,31.02617
22,B밝기변화제동등,5,2.345,29.95149
22,B밝기변화제동등,6,1.87,30.76309
22,B밝기변화제동등,7,2.389,17.96152
22,B밝기변화제동등,8,2.967,26.51702
22,B밝기변화제동등,9,2.922,22.7759
22,B밝기변화제동등,10,2.394,32.57747
22,C점멸주파수변화제동등,1,2.318,21.1307
22,C점멸주파수변화제동등,2,2.442,21.96937
22,C점멸주파수변화제동등,3,2.361,18.1558
22,C점멸주파수변화제동등,4,2.495,15.8936
22,C점멸주파수변화제동등,5,2.95,24.88868
22,C점멸주파수변화제동등,6,2.861,9.47202
22,C점멸주파수변화제동등,7,2.956,21.57525
22,C점멸주파수변화제동등,8,2.388,9.49948
22,C점멸주파수변화제동등,9,1.932,21.98041
22,D면적변화제동등,1,2.471,33.54473
22,D면적변화제동등,2,2.893,15.64333
22,D면적변화제동등,3,2.397,21.32142
22,D면적변화제동등,4,2.944,21.33962
22,D면적변화제동등,5,2.487,15.48462
22,D면적변화제동등,6,2.907,14.39741
22,D면적변화제동등,7,2.79,26.14113
22,D면적변화제동등,8,1.786,22.84495
23,A기본제동등,1,2.392,31.65509
23,A기본제동등,2,2.914,14.41647
23,A기본제동등,3,2.892,24.30796
23,A기본제동등,4,2.912,22.75476
23,A기본제동등,5,2.333,27.35934
23,A기본제동등,6,2.399,13.86648
23,A기본제동등,7,2.353,22.48917
23,A기본제동등,8,1.738,16.26869
23,A기본제동등,9,2.838,20.26993
23,B밝기변화제동등,1,2.443,24.77305
23,B밝기변화제동등,2,2.894,35.09908
23,B밝기변화제동등,3,2.841,22.52453
23,B밝기변화제동등,4,2.382,15.32602
23,B밝기변화제동등,5,1.827,16.39781
23,B밝기변화제동등,6,2.428,21.00802
23,B밝기변화제동등,7,2.395,25.31548
23,B밝기변화제동등,8,2.9,18.82888
23,B밝기변화제동등,9,2.377,23.65714
23,B밝기변화제동등,10,2.766,32.82059
23,C점멸주파수변화제동등,1,2.247,27.81078
23,C점멸주파수변화제동등,2,2.894,20.48192
23,C점멸주파수변화제동등,3,2.377,35.21027
23,C점멸주파수변화제동등,4,1.939,26.11163
23,C점멸주파수변화제동등,5,2.893,26.26223
23,C점멸주파수변화제동등,6,2.875,22.97525
23,C점멸주파수변화제동등,7,2.355,24.00002
23,C점멸주파수변화제동등,8,2.442,21.72775
23,C점멸주파수변화제동등,9,2.394,25.49811
23,D면적변화제동등,1,2.87,36.35222
23,D면적변화제동등,2,2.45,27.13937
23,D면적변화제동등,3,2.407,14.72883
23,D면적변화제동등,4,2.369,40.94749
23,D면적변화제동등,5,2.547,43.21857
23,D면적변화제동등,6,1.92,19.02842
23,D면적변화제동등,7,2.992,16.99219
23,D면적변화제동등,8,2.367,37.12647
23,D면적변화제동등,9,2.889,23.38982
23,D면적변화제동등,10,2.891,34.14664
24,A기본제동등,1,2.448,9.36493
24,A기본제동등,2,1.927,13.91882
24,A기본제동등,3,2.835,4.32257
24,A기본제동등,4,2.374,4.29228
24,A기본제동등,5,2.885,8.75782
24,A기본제동등,6,2.868,18.83573
24,A기본제동등,7,2.375,6.48344
24,A기본제동등,8,2.84,12.22115
24,B밝기변화제동등,1,2.351,8.04191
24,B밝기변화제동등,2,2.356,9.63842
24,B밝기변화제동등,3,2.888,14.47369
24,B밝기변화제동등,4,2.873,10.2786
24,B밝기변화제동등,5,1.738,23.52106
24,B밝기변화제동등,6,2.873,6.65631
24,B밝기변화제동등,7,2.381,32.23965
24,B밝기변화제동등,8,2.596,19.04874
24,C점멸주파수변화제동등,1,2.839,26.52106
24,C점멸주파수변화제동등,2,2.231,13.71835
24,C점멸주파수변화제동등,3,2.937,21.06465
24,C점멸주파수변화제동등,4,2.362,8.09013
24,C점멸주파수변화제동등,5,2.383,4.29394
24,C점멸주파수변화제동등,6,2.381,14.28185
24,C점멸주파수변화제동등,7,2.859,12.73848
24,C점멸주파수변화제동등,8,2.902,5.71327
24,D면적변화제동등,1,2.394,4.28148
24,D면적변화제동등,2,2.889,6.45732
24,D면적변화제동등,3,2.351,12.27187
24,D면적변화제동등,4,2.857,8.45852
24,D면적변화제동등,5,2.364,9.52527
24,D면적변화제동등,6,1.837,14.64073
24,D면적변화제동등,7,2.144,12.67204
24,D면적변화제동등,8,2.813,12.87215
24,D면적변화제동등,9,2.373,9.16925
24,D면적변화제동등,10,2.884,9.31927
25,A기본제동등,1,1.883,22.07018
25,A기본제동등,2,2.453,41.40087
25,A기본제동등,3,2.896,13.47576
25,A기본제동등,4,2.372,22.20216
25,A기본제동등,5,2.882,26.54715
25,A기본제동등,6,2.869,18.01595
25,A기본제동등,7,2.449,20.67272
25,A기본제동등,8,2.41,18.74228
25,A기본제동등,9,2.602,25.08165
25,A기본제동등,10,2.331,23.83904
25,B밝기변화제동등,1,2.258,32.76498
25,B밝기변화제동등,2,1.883,23.37466
25,B밝기변화제동등,3,2.896,21.08911
25,B밝기변화제동등,4,2.217,11.95709
25,B밝기변화제동등,5,2.906,29.9645
25,B밝기변화제동등,6,2.362,31.42554
25,B밝기변화제동등,7,2.887,21.47624
25,B밝기변화제동등,8,2.369,23.43777
25,B밝기변화제동등,9,2.304,36.68613
25,C점멸주파수변화제동등,1,2.854,22.69567
25,C점멸주파수변화제동등,2,2.274,34.93363
25,C점멸주파수변화제동등,3,2.895,23.4322
25,C점멸주파수변화제동등,4,2.425,24.53792
25,C점멸주파수변화제동등,5,2.453,22.8484
25,C점멸주파수변화제동등,6,1.942,23.86967
25,C점멸주파수변화제동등,7,2.848,22.32991
25,C점멸주파수변화제동등,8,2.84,10.86241
25,C점멸주파수변화제동등,9,2.39,27.17678
25,C점멸주파수변화제동등,10,2.289,33.82133
25,D면적변화제동등,1,2.881,24.79694
25,D면적변화제동등,2,2.447,24.90032
25,D면적변화제동등,3,2.843,17.93383
25,D면적변화제동등,4,2.375,33.13288
25,D면적변화제동등,5,2.392,27.86315
25,D면적변화제동등,6,2.441,12.26287
25,D면적변화제동등,7,1.569,19.16197
25,D면적변화제동등,8,2.36,32.83692
25,D면적변화제동등,9,2.485,24.17237
25,D면적변화제동등,10,2.896,16.77772
26,A기본제동등,1,2.858,30.30071
26,A기본제동등,2,1.862,24.04259
26,A기본제동등,3,2.843,28.91191
26,A기본제동등,4,2.965,18.58821
26,A기본제동등,5,2.855,18.17871
26,A기본제동등,6,2.384,21.47923
26,A기본제동등,7,2.346,15.02295
26,A기본제동등,8,2.173,22.48078
26,A기본제동등,9,2.11,16.85436
26,B밝기변화제동등,1,2.39,26.96708
26,B밝기변화제동등,2,2.422,27.73661
26,B밝기변화제동등,3,2.87,33.74681
26,B밝기변화제동등,4,2.363,28.11183
26,B밝기변화제동등,5,2.89,18.85781
26,B밝기변화제동등,6,2.373,27.21557
26,B밝기변화제동등,7,2.907,20.21116
26,B밝기변화제동등,8,2.42,15.09807
26,B밝기변화제동등,9,1.875,16.9722
26,B밝기변화제동등,10,2.9,22.10831
26,C점멸주파수변화제동등,1,2.878,27.67187
26,C점멸주파수변화제동등,2,2.897,17.82571
26,C점멸주파수변화제동등,3,2.463,26.38892
26,C점멸주파수변화제동등,4,2.461,29.25424
26,C점멸주파수변화제동등,5,2.865,17.21535
26,C점멸주파수변화제동등,6,1.839,36.92053
26,C점멸주파수변화제동등,7,2.397,21.49057
26,C점멸주파수변화제동등,8,2.134,19.79062
26,C점멸주파수변화제동등,9,2.572,35.49632
26,D면적변화제동등,1,2.841,18.12382
26,D면적변화제동등,2,2.383,34.3503
26,D면적변화제동등,3,2.231,18.1496
26,D면적변화제동등,4,2.847,20.25036
26,D면적변화제동등,5,1.88,20.14311
26,D면적변화제동등,6,2.354,28.42368
26,D면적변화제동등,7,2.316,24.73428
26,D면적변화제동등,8,2.892,23.27013
26,D면적변화제동등,9,2.4,19.89742
27,A기본제동등,1,2.312,21.22372
27,A기본제동등,2,2.861,25.34832
27,A기본제동등,3,2.899,15.02696
27,A기본제동등,4,2.368,23.7731
27,A기본제동등,5,2.388,31.64738
27,A기본제동등,6,2.876,26.10525
27,A기본제동등,7,1.843,28.08823
27,A기본제동등,8,2.445,21.60189
27,A기본제동등,9,1.974,36.23859
27,B밝기변화제동등,1,2.882,15.17946
27,B밝기변화제동등,2,2.389,24.8567
27,B밝기변화제동등,3,2.92,27.91704
27,B밝기변화제동등,4,2.437,22.71347
27,B밝기변화제동등,5,2.906,15.86555
27,B밝기변화제동등,6,2.376,24.33565
27,B밝기변화제동등,7,2.273,28.84968
27,B밝기변화제동등,8,2.311,17.42076
27,B밝기변화제동등,9,2.365,23.77629
27,C점멸주파수변화제동등,1,2.923,24.32724
27,C점멸주파수변화제동등,2,2.938,18.05799
27,C점멸주파수변화제동등,3,1.882,30.83746
27,C점멸주파수변화제동등,4,2.444,29.0542
27,C점멸주파수변화제동등,5,4.148,34.87919
27,C점멸주파수변화제동등,6,2.878,24.15675
27,C점멸주파수변화제동등,7,2.429,21.0898
27,C점멸주파수변화제동등,8,2.358,35.91781
27,C점멸주파수변화제동등,9,2.469,27.71778
27,C점멸주파수변화제동등,10,1.855,27.02034
27,D면적변화제동등,1,2.455,27.39917
27,D면적변화제동등,2,3.077,19.03792
27,D면적변화제동등,3,2.374,27.91895
27,D면적변화제동등,4,2.346,28.08461
27,D면적변화제동등,5,2.865,20.18446
27,D면적변화제동등,6,1.943,30.48002
27,D면적변화제동등,7,2.914,20.24106
27,D면적변화제동등,8,2.388,27.33687
27,D면적변화제동등,9,2.376,24.34404
28,A기본제동등,1,2.347,24.94303
28,A기본제동등,2,2.438,30.18164
28,A기본제동등,3,2.696,19.54913
28,A기본제동등,4,2.388,26.98973
28,A기본제동등,5,2.82,25.87908
28,A기본제동등,6,1.916,39.81321
28,A기본제동등,7,1.7,47.08493
28,A기본제동등,8,1.899,5.55152
28,A기본제동등,9,1.134,4.16889
28,A기본제동등,10,2.28,70.05749
28,A기본제동등,11,2.496,35.11601
28,A기본제동등,12,2.878,16.71825
28,B밝기변화제동등,1,2.341,19.15162
28,B밝기변화제동등,2,1.917,24.22204
28,B밝기변화제동등,3,2.874,19.90286
28,B밝기변화제동등,4,2.368,32.33131
28,B밝기변화제동등,5,2.895,33.75101
28,B밝기변화제동등,6,2.373,25.49424
28,B밝기변화제동등,7,2.908,28.4043
28,B밝기변화제동등,8,2.94,10.92592
28,B밝기변화제동등,9,2.07,46.52359
28,C점멸주파수변화제동등,1,2.381,21.78609
28,C점멸주파수변화제동등,2,2.375,32.03936
28,C점멸주파수변화제동등,3,2.321,25.08998
28,C점멸주파수변화제동등,4,2.414,14.72341
28,C점멸주파수변화제동등,5,2.855,16.54024
28,C점멸주파수변화제동등,6,1.882,27.81378
28,C점멸주파수변화제동등,7,2.952,14.47593
28,C점멸주파수변화제동등,8,2.415,18.88155
28,C점멸주파수변화제동등,9,2.887,9.46376
28,C점멸주파수변화제동등,10,2.886,22.93402
28,D면적변화제동등,1,2.851,29.90126
28,D면적변화제동등,2,2.832,18.81546
28,D면적변화제동등,3,2.818,22.48635
28,D면적변화제동등,4,1.877,29.76219
28,D면적변화제동등,5,2.374,36.1103
28,D면적변화제동등,6,2.382,25.15467
28,D면적변화제동등,7,2.355,26.32626
28,D면적변화제동등,8,2.426,21.68751
28,D면적변화제동등,9,2.84,23.37127
28,D면적변화제동등,10,2.364,35.85271
29,A기본제동등,1,2.796,24.95249
29,A기본제동등,2,2.432,33.19041
29,A기본제동등,3,1.837,18.04478
29,A기본제동등,4,2.441,15.82301
29,A기본제동등,5,2.909,17.76516
29,A기본제동등,6,2.857,20.50858
29,A기본제동등,7,2.468,17.92647
29,A기본제동등,8,2.383,13.4093
29,B밝기변화제동등,1,2.965,15.78547
29,B밝기변화제동등,2,2.901,12.73642
29,B밝기변화제동등,3,2.266,19.49162
29,B밝기변화제동등,4,2.552,12.9641
29,B밝기변화제동등,5,2.848,19.28473
29,B밝기변화제동등,6,2.452,44.6455
29,B밝기변화제동등,7,1.933,19.20875
29,C점멸주파수변화제동등,1,2.451,33.74856
29,C점멸주파수변화제동등,2,2.339,15.42619
29,C점멸주파수변화제동등,3,2.883,26.89157
29,C점멸주파수변화제동등,4,2.328,19.16338
29,C점멸주파수변화제동등,5,1.797,28.54235
29,C점멸주파수변화제동등,6,2.905,16.16039
29,C점멸주파수변화제동등,7,2.711,29.50366
29,D면적변화제동등,1,2.457,19.18146
29,D면적변화제동등,2,2.875,13.88991
29,D면적변화제동등,3,2.393,13.03452
29,D면적변화제동등,4,2.746,20.51845
29,D면적변화제동등,5,2.465,16.76072
29,D면적변화제동등,6,1.94,16.53395
29,D면적변화제동등,7,2.881,13.2177
29,D면적변화제동등,8,2.335,14.92463
29,D면적변화제동등,9,2.807,18.26653
30,A기본제동등,1,2.354,31.49174
30,A기본제동등,2,2.874,18.77182
30,A기본제동등,3,1.895,23.78738
30,A기본제동등,4,2.365,27.81566
30,A기본제동등,5,2.847,19.78824
30,A기본제동등,6,2.867,24.00797
30,A기본제동등,7,2.421,17.20434
30,A기본제동등,8,2.869,23.62532
30,A기본제동등,9,2.494,28.17839
30,A기본제동등,10,2.388,13.98545
30,B밝기변화제동등,1,2.385,40.87286
30,B밝기변화제동등,2,2.787,24.89533
30,B밝기변화제동등,3,3.127,21.34478
30,B밝기변화제동등,4,2.38,34.65917
30,B밝기변화제동등,5,2.41,24.79985
30,B밝기변화제동등,6,2.396,41.58001
30,B밝기변화제동등,7,2.911,44.23378
30,B밝기변화제동등,8,2.856,34.45075
30,B밝기변화제동등,9,1.858,22.52633
30,B밝기변화제동등,10,2.417,30.8869
30,C점멸주파수변화제동등,1,2.387,28.00619
30,C점멸주파수변화제동등,2,2.897,18.17238
30,C점멸주파수변화제동등,3,1.894,19.56585
30,C점멸주파수변화제동등,4,2.433,15.70878
30,C점멸주파수변화제동등,5,2.361,27.52057
30,C점멸주파수변화제동등,6,2.847,26.47221
30,C점멸주파수변화제동등,7,2.876,24.97591
30,C점멸주파수변화제동등,8,2.884,23.94468
30,C점멸주파수변화제동등,9,1.893,24.13481
30,C점멸주파수변화제동등,10,2.348,30.49856
30,D면적변화제동등,1,2.845,36.94133
30,D면적변화제동등,2,2.434,27.54429
30,D면적변화제동등,3,2.417,18.86008
30,D면적변화제동등,4,2.392,31.31327
30,D면적변화제동등,5,2.461,26.46434
30,D면적변화제동등,6,2.875,24.85332
30,D면적변화제동등,7,1.876,26.97498
30,D면적변화제동등,8,2.471,25.30731
30,D면적변화제동등,9,2.7,10.15193
30,D면적변화제동등,10,2.881,30.59866
